"Source Item Name","Teapplix SKU",Memo
"
B0GFY87GJM",NS5336,
"
B0GFYCV87C",NS5337,
"    5044b-2 ",5044b-2,
"    5048mcc-4 ",5048MCC-4,
"""5003-24MCC-4""",5003-24MCC-4,
"""5003-24MGM-2""",5003-24MGM-2,
"""5003-24MGM-4""",5003-24MGM-4,
"""5003-24RCC-4""",5003-24RCC-4,
"""5003DM-4""",5003DM-4,
"""5003MCC-2""",5003MCC-2,
"""5003MCC-4""",5003MCC-4,
"""5003MDM-4""",5003MDM-4,
"""5003MGM-4""",5003MGM-4,
"""5003MGM-four""",5003MGM-4,
"""5029B""",5029b,
"""5029W""",5029W,
"""5031BG-4""",5031BG-4,
"""5031CC-4""",5031CC-4,
"""5031DM-four""",5031DM-4,
"""5031MCC-four""",5031MCC-4,
"""5031MDM-four""",5031MDM-4,
"""5031RCC-4""",5031RCC-4,
"""5046BR""",5046BR,
"""5048-24MCC-4""",5048-24MCC-4,
"""5048MCC-4""",5048MCC-4,
"""5060MDM-Four""",5060MDM-4,
"""5061CC""",5061cc,
"""5061DM""",5061dm,
"""5061MCC""",5061MCC,
"""5063CC""",5063cc,
"""5065CC""",5065CC,
"""5070G-2""",5070G-2,
"""5071BR""",5071BR,
"""5072BL""",5072BL,
"""5076-2""",5076-2,
"""5090-4""",5090-4,
"""5090DM-4""",5090dm-4,
"""5091-2""",5091-2,
"""5091BM-2""",5091BM-2,
"""5091H-2""",5091H-2,
"""5091M-2""",5091M-2,
"""5092-2""",5092-2,
"""5096-2""",5096-2,
"""5098-2""",5098-2,
"""5107BG-2""",5107BG-2,
"""5107GR-2""",5107GR-2,
"""5111-2""",5111-2,
"""5112B""",5112B,
"""5112G""",5112G,
"""5113-2""",5113-2,
"""5114-2""",5114-2,
"""5115""",5115,
"""5116-2""",5116-2,
"""5120B-12""",5120B-12,
"""5120B-2""",5120B-2,
"""5121B""",5121B,
"""5121W""",5121W,
"""5122-2""",5122-2,
"""5123-2""",5123-2,
"""5124-2""",5124-2,
"""5125-2""",5125-2,
"""5126-2""",5126-2,
"""5127-2""",5127-2,
"""5128-2""",5128-2,
"""5129-2""",5129-2,
"""5131B""",5131B,
"""5133G""",5133G,
"""5134-2""",5134-2,
"""5139""",5139,
"""5150-2""",5150-2,
"""5151""",5151,
"""5155""",5155,
"""5158""",5158,
"""AM5106-2""",5106-2,
"""AM5109-2""",5109-2,
"""AM5110-2""",5110,
'5050,5050,
'5051,5051,
'5052,5052,
'5074,5074,
'5075,5075,
'5076,5076,
'5077,5077,
'5078,5078,
'5081,5081,
'5083,5083,
'5100,5100,
'5136,5136,
'5139,5139,
'5140,5140,
'5143,5143,
'5144,5144,
'5145,5145,
'5146,5146,
'5147,5147,
'5148,5148,
'5149,5149,
'5151,5151,
'5154,5154,
'5155,5155,
'5156,5156,
'5157,5157,
'5158,5158,
'5159,5159,
'5160,5160,
'5161,5161,
'5162,5162,
'5163,5163,
'5164,5164,
'5165,5165,
'5166,5166,
'5167,5167,
'5168,5168,
'5170,5170,
'5171,5171,
'5172,5172,
'5174,5174,
'5175,5175,
'5176,5176,
'5177,5177,
'5178,5178,
'5180,5180,
'5181,5181,
'5182,5182,
'5186,5186,
'5187,5187,
'5188,5188,
'5193,5193,
'5194,5194,
'5195,5195,
070513205537,2050B,
070513205544,2050w-n,
070513205551,3000w,
070513205568,2050B,
070513215871,3000w,
070513235008,2050c,
070513235091,5003S,
070513235138,5003B,
070513235145,5002B,
070513235152,5001B,
070513235169,5000B,
070513235176,5000W,
070513235183,2050c,
070513235251,5003B-4,
070513235275,5003S-4,
070513235329,5003DM-4,
070513235343,5003MCC-4,
070513235459,5003DM-2,
070513235466,5003MCC-2,
070513235510,5011-2pack,
070513235541,5014P-2pack,
070513235572,5014L-2pack,
070513235770,3010w,
070513235794,5000BR,
070513235800,5010c,
070513235817,5012W,
070513235824,5010BR,
070513235831,5010B,
070513235848,5011BR,
070513235855,5011B,
070513235862,5011W,
070513235879,2060w,
070513235886,3000C,
070513235909,3012w,
070513235916,5020W-4,
070513235923,5020B-4,
070513235947,5020W-2,
070513235954,5020B-2,
070513235978,5021w-4,
070513235985,5021B-4,
070513235992,5021W-2,
070513236005,5021B-2,
070513236012,5022W-2,
070513236029,5022B-2,
070513236036,5022W,
070513236043,5022B,
070513236050,5023W-2,
070513236104,5026C-2,
070513236111,5027C,
070513236128,5027C-2,
070513236753,5003-24CC-2,
070513236760,5003-24CC-4,
070513236777,5003-24DM-2,
070513236784,5003-24DM-4,
070513236791,5003-24MCC-2,
070513236807,5003-24MCC-4,
070513236814,5003-24MGM-2,
070513236821,5003-24MGM-4,
070513236838,5003MDM-2,
070513236845,5003MDM-4,
070513236852,5003-24CC-4,
070513236869,5003-24DM-4,
070513236876,5003-24MCC-4,
070513236883,5003-24MGM-4,
070513236906,5003-24S-4,
070513236913,5003-24S-4,
070513236920,5020B-4,
070513236944,5020W-4,
070513236951,5021B-4,
070513236975,5022B-2,
070513236982,5022W-2,
070513236999,5023W-2,
070513237019,5028P-2,
070513237033,5003-24MDM-4,
070513237040,2050B,
070513237057,2050c,
070513237064,2050w-n,
070513237071,5020B-2,
070513237088,5020B-4,
070513237095,5020C-2,
070513237149,5021B-2,
070513237156,5021B-4,
070513237163,5021C-2,
070513237194,5022B,
070513237200,5022B-2,
070513237217,5022W,
070513237224,5022W-2,
070513237262,5028P-2,
070513237309,5029b,
070513237316,5029W,
070513237323,5003DM-2,
070513237347,5030B,
070513237644,5032-24B-4,
070513237668,5031DM-4,
070513237699,5031MCC-4,
070513237705,5003-24DC-4,
070513237743,5037B,
070513237767,5038B,
070513237781,5040B,
070513239198,5041B,
070513239204,5042B,
070513239211,5042W,
070513239228,5043B,
070513239235,5043W,
070513239259,5003CC-4,
070513239280,5003MCC-2,
070513239297,5003MGM-4,
070513239549,5048MCC-4,
070513239556,5048MCC-2,
070513239563,5048DM-4,
070513239570,5048DM-2,
070513239587,5048MDM-4,
070513239594,5048MDM-2,
070513239600,5048-24MDM-4,
070513239617,5048-24MDM-2,
070513239624,5048-24MCC-4,
070513239631,5048-24MCC-2,
070513239648,5048-24DM-4,
070513239655,5048-24DM-2,
070513239679,5044BG,
070513239686,5044b,
070513239693,5044BGE-2,
070513239716,5045BGE-2,
070513240569,3000w,
070513256485,AM5291,
070513256492,AM5292,
"1 chair ",5012W,
2050-B,2050B,
2050B-11,2050B,
2050B-11-LA,2050B,
2050b-fba,2050B,
2050b-n,2050B,
2050b-n-LA,2050B,
2050C-LA,2050c,
2050C-n,2050c,
2050C-n-LA,2050c,
2050cc,2050c,
2050W,2050w-n,
2051W-LA,2051w,
2060w-LA,2060w,
24RCC5003,5003-24RCC-4,
"30-inch Tabouret Metal Counter Bar Stools Glossy Black Studio Stool 1, 2, 4[(set of 4) bar stool][(set of 4) bar stool]",5003B-4,
3000B-B,3000B,
3000B-B-LA,3000B,
3000C-B,3000C,
3000C-B-LA,3000C,
3000C-LA,3000C,
3000w-B,3000w,
3000w-B-LA,3000w,
3000w-n,3000w,
3000w-n-LA,3000w,
3000W1,3000w,
3000W1-LA,3000w,
3010w-LA,3010w,
3050white,3050w,
4000DB,2050c,
5003-18CC-4-LA,5003-18CC-4,
5003-18DM-4-LA,5003-18DM-4,
5003-24BG-4-LA,5003-24BG-4,
5003-24CC-four,5003-24CC-4,
5003-24CC4,5003-24CC-4,
5003-24DC-four,5003-24DC-4,
5003-24DC-four-1,5003-24DC-4,
5003-24DDM-four,5003-24DDM-4,
5003-24DM-1,5003-24DM,
5003-24DM-1-LA,5003-24DM,
5003-24DM-four,5003-24DM-4,
5003-24DM4,5003-24DM-4,
5003-24dmA,5003-24DM,
5003-24MCC-1,5003-24MCC,
5003-24MCC-1-LA,5003-24MCC,
5003-24MCC-four,5003-24MCC-4,
5003-24MCC-TWO,5003-24MCC-2,
5003-24MDM-1,5003-24MDM,
5003-24MDM-1-LA,5003-24MDM,
5003-24MDM-4-LA,5003-24MDM-4,
5003-24MDM-four,5003-24MDM-4,
5003-24MDM-four-LA,5003-24MDM-4,
5003-24MDM-one,5003-24MDM,
5003-24MDM-two,5003-24MDM-2,
5003-24MDM-two-LA,5003-24MDM-2,
5003-24MDM4,5003-24MDM-4,
5003-24MGM-1,5003-24MGM,
5003-24MGM-1-LA,5003-24MGM,
5003-24MGM-4-LA,5003-24MGM-4,
5003-24MGM-four,5003-24MGM-4,
5003-24RCC-4-LA,5003-24RCC-4,
5003-30MDM-4,5003MDM-4,
5003CC-four,5003CC-4,
5003CC-two,5003CC-2,
5003CC4,5003CC-4,
5003DM-1,5003DM,
5003DM-1-LA,5003DM,
5003DM-2-LA,5003DM-2,
5003DM-2p,5003DM-2,
5003DM-4-LA,5003DM-4,
5003DM-four-1,5003DM-4,
5003DM4,5003DM-4,
5003MCC-1,5003MCC,
5003MCC-24-2,5003-24MCC-2,
5003MCC-2p,5003MCC-2,
5003MCC-four-1,5003MCC-4,
5003MCC4,5003MCC-4,
5003MDM-1,5003MDM,
5003MDM-four,5003MDM-4,
5003MDM-two,5003MDM-2,
5003MDM4,5003MDM-4,
5003MGM-1,5003MGM,
5003MGM-1-LA,5003MGM,
5003MGM-four,5003MGM-4,
5003MGM-two,5003MGM-2,
5003MGM4,5003MGM-4,
5003S,5003S-2,
5009C,5010c,
5009G-4C,5009D-4,
5010b-fba,5010B,
5010bl,5010B,
5010c-2,5010c,
5010c-2-LA,5010c,
5010c-a,5010c,
5010c-a-LA,5010c,
5010c-fba,5010c,
5011br-fba,5011BR,
5011BR-LA,5011BR,
5020W,5020W-1,
5020W-1-LA,5020W-1,
5020W-2-LA,5020W-2,
5020W-4-LA,5020W-4,
5020w-4w,5020W-4,
5029B-2-LA,5029B-2,
5029B-A,5029b,
5029B-A-TWO-LA,5029B-A-TWO,
5029B-LA,5029b,
5029BBB,5029b,
5029W-2-LA,5029W,
5029w-22,5029W,
5029W-A,5029W,
5029W-A-LA,5029W,
5029W-A-TWO,5029w-2,
5029W-A-TWO-LA,5029w-2,
5029W-LA,5029W,
5029w11,5029W,
5029wW,5029W,
5031AW-4-LA,5031AW-4,
5031BG-4-LA,5031BG-4,
5031CC-4-LA,5031CC-4,
5031DM-1,5031DM,
5031DM-1-LA,5031DM,
5031DM-4-1,5031DM-4,
5031DM-four,5031DM-4,
5031DM-four-1,5031DM-4,
5031DM-four-1-LA,5031DM-4,
5031DM-two,5031DM-two-1,
5031DM-two-1-LA,5031DM-two-1,
5031DM4,5031DM-4,
5031MCC-1,5031MCC,
5031MCC-1-LA,5031MCC,
5031MCC-2-1,5031MCC-2,
5031MCC-4-1,5031MCC-4,
5031MCC-four,5031MCC-4,
5031MCC-four-1,5031MCC-4,
5031MCC-four-1-LA,5031MCC-4,
5031MCC-Two,5031MCC-2,
5031MCC-Two-1,5031MCC-2,
5031MCC-Two-1-LA,5031MCC-2,
5031MCC4,5031MCC-4,
5031MDM-2-LA,5031MDM-2,
5031MDM-4-1,5031MDM-4,
5031MDM-four,5031MDM-4,
5031MDM-four-1,5031MDM-4,
5031MDM-four-1-LA,5031MDM-4,
5031MDM-Two,5031MDM-2,
5031MDM-Two-1,5031MDM-2,
5031RCC,5031RCC-4,
5031RCC-4-LA,5031RCC-4,
5032-24B-four,5032-24B-4,
5032-24B-four-1,5032-24B-4,
5032-24DC-four-1,5032-24DC-4,
5037B-A,5037B,
5037B-A-LA,5037B,
5037B-LA,5037B,
5037R-B-LA,5037R-B,
5037R-LA,5037R,
5037ra,5037R,
5038B-LA,5038B,
5039B-A-LA,5039B-A,
5039B-C,5039B,
5039B-C-LA,5039B,
5039WN,5039NW,
5042B-LA,5042B,
5044B-2.a,5044b-2,
5044B.a,5044b,
5044BG-2.a,5044BG-2,
5044BG.a,5044BG,
5044BGE,5044BG,
5045BG-2.a,5045BG-2,
"5046BL 8012",5046BL,
5046BL-1,5046BL,
"5046BR 8014",5046BR,
5046BR-1,5046BR,
5046BR1,5046BR,
"5046BU 8013",5046bu,
5046W,5046wh,
5048-124MDM-4,5048-24MDM-4,
5048-24DM-1,5048-24DM,
5048-24DM-2-par,5048-24DM-2,
5048-24DM-4-par,5048-24DM-4,
5048-24DM-four,5048-24DM-4,
5048-24DM-two,5048-24DM-2,
5048-24DM-two-LA,5048-24DM-2,
5048-24MCC-1,5048-24MCC,
5048-24MCC-1-LA,5048-24MCC,
5048-24MCC-four,5048-24MCC-4,
5048-24MCC-four-LA,5048-24MCC-4,
5048-24MCC-two,5048-24MCC-2,
5048-24MCC-two-LA,5048-24MCC-2,
5048-24MDM-1,5048-24MDM,
5048-24MDM-four,5048-24MDM-4,
5048-24MDM-two,5048-24MDM-2,
5048-24MDM-two-LA,5048-24MDM-2,
5048-24MGG-4-LA,5048-24MGG-4,
5048DM-four,5048DM-4,
5048DM-two,5048DM-2,
5048MCC-1,5048MCC,
5048MCC-four,5048MCC-4,
5048MCC-two,5048MCC-2,
5048MDM-1,5048MDM,
5048MDM-Four,5048MDM-4,
5048MDM-four-LA,5048MDM-4,
5048MDM-two,5048MDM-2,
5048MDM-two-LA,5048MDM-2,
5048MGG-4-LA,5048MGG-4,
"5049B 8011",5049b,
"5049R 8010",5049r,
5050-LA,5050,
5051-LA,5051,
5052-LA,5052,
5060MCC-4-LA,5060MCC-4,
5060MCC-Four,5060MCC-4,
5060MCC-Two,5060MCC-2,
"5060MDM 4",5060MDM-4,
5060MDM-1,5060MDM,
5060MDM-4-LA,5060MDM-4,
5060MDM-Four,5060MDM-4,
5060MDM-Two,5060MDM-2,
5061-5062,AM5061-5062,
5062MCC-LA,5062MCC,
5063CC-LA,5063cc,
5063MCC-LA,5063MCC,
5064DM-LA,5064DM,
5065CC-LA,5065CC,
5065MCC-LA,5065MCC,
5066GG,5066GG-2,
5066GG-LA,5066GG-2,
5067DG-2,5067DG,
5067DG-LA,5067DG,
5068B,5068B-2,
5068B-LA,5068B-2,
5069B,5069B-2,
5069B-LA,5069B-2,
5070G,5070G-2,
5070G-2-LA,5070G-2,
5071BR-root,5071BR,
5072BL-LA,5072BL,
5073-2-LA,5073-2,
5074-LA,5074,
5075-LA,5075,
5076-2-LA,5076-2,
5076-LA,5076,
5077-LA,5077,
5078-LA,5078,
5079-4,AM5079-4,
5080,AM5080-4,
5080-4,AM5080-4,
5080BG,5180,
5081-LA,5081,
5082-4-LA,5082-4,
5083-LA,5083,
5084-2-LA,5084-2,
5086,5086-2,
5086-2-LA,5086-2,
5087,5087-2,
5087-2-LA,5087-2,
5088,5088-2,
5088-2-LA,5088-2,
5089,5089-4,
5089-4-LA,5089-4,
5089BG-4-LA,5089BG-4,
5089CC-4-LA,5089CC-4,
5090,5090-4,
5090-4-LA,5090-4,
5090BG-4-LA,5090BG-4,
5090CC-4-LA,5090CC-4,
5090DM-4-LA,5090dm-4,
5090MDM,5090MDM-4,
5091-2-LA,5091-2,
5091DG,5091-2,
5091H-2-LA,5091H-2,
5091M-2-LA,5091M-2,
5092,5092-2,
5092-2-LA,5092-2,
5093-2-LA,5093-2,
5094-2-LA,5094-2,
5095-2-LA,5095-2,
5096-2-LA,5096-2,
5097-2-LA,5097-2,
5098-2-LA,5098-2,
5100-LA,5100,
5101-2-LA,5101-2,
5102W,5102,
5103-2-LA,5103-2,
5108-2,5108B-2,
5109,5109-2,
5110-2,5110,
5111--2,5111-2,
5111-2-LA,5111-2,
5112B-LA,5112B,
5112G-LA,5112G,
5113-2-LA,5113-2,
5114-2-LA,5114-2,
5115-LA,5115,
5115A,5115,
5126.-2,5126-2,
5127.-2,5127-2,
5131G,5132G,
5132,5132G,
5146-1,5146,
5149,5149-2,
5153-2a,5153-2,
5153GY-1,5153GR-1,
5153GY-2,5153GR-2,
5177TABLE,5177table-1,
5180BG,5180,
5211cushioncream,5211-cushion-Cream,
5213,5213BL,
5223BU2,5223BU-2,
5224-25-BG,5225-25-BG-2,
5224-25-BG-2,5224BG-2,
5225-25-BG,5225-25-BG-2,
5234-1,5234-1-HEAVY-HEAVY,
5234-10,5234-10-HEAVY-HEAVY,
5234-2,5234-2-HEAVY-HEAVY,
5234-5,5234-5-HEAVY-HEAVY,
5245-cushion-Red,5245,
5273-1,AM5273-1,
5273-10,AM5273-10,
5273-2,AM5273-2,
5273-5,AM5273-5,
5274-1,AM5274-1,
5274-10,AM5274-10,
5274-2,AM5274-2,
5274-5,AM5274-5,
5311,5311-1,
5312,5312-1,
5313,5313-1,
6051M,5061MDM,
6415,5164,
6565,5165,
70513205537,2050B,
70513205551,3000w,
70513205568,2050B,
70513215871,3000B,
70513235091,5003S,
70513235138,5003B,
70513235145,5002B,
70513235169,5000B,
70513235176,5000W,
70513235251,5003B-4,
70513235275,5003S-4,
70513235329,5003DM-4,
70513235343,5003MCC-4,
70513235459,5003DM-2,
70513235466,5003MCC-2,
70513235510,5011-2pack,
70513235541,5014P-2,
70513235770,3010w,
70513235794,5000BR,
70513235800,5010c,
70513235824,5010BR,
70513235831,5010B,
70513235848,5011BR,
70513235855,5011B,
70513235862,5011W,
70513235879,2060w,
70513235886,3000C,
70513235909,3012w,
70513235916,5020W-4,
70513235923,5020B-4,
70513235947,5020W-2,
70513235954,5020B-2,
70513235978,5021w-4,
70513235985,5021B-4,
70513236005,5021B-2,
70513236012,5022W-2,
70513236029,5022B-2,
70513236036,5022W,
70513236043,5022B,
70513236050,5023W-2,
70513236104,5026C-2,
70513236111,5027C,
70513236128,5027C-2,
70513236753,5003-24CC,
70513236760,5003-24CC-4,
70513236777,5003-24DM,
70513236784,5003-24DM-4,
70513236791,5003-24MCC,
70513236807,5003-24MCC-4,
70513236814,5003-24MGM,
70513236821,5003-24MGM-4,
70513236838,5003MDM,
70513236845,5003MDM-4,
70513236852,5003-24CC-4,
70513236869,5003-24DM-4,
70513236876,5003-24MCC-4,
70513236883,5003-24MGM-4,
70513236906,5003-24S-4,
70513236913,5003-24S-4,
70513236920,5020B-4,
70513236944,5020W-4,
70513236951,5021B-4,
70513236975,5022B-2,
70513236982,5022W-2,
70513236999,5023W-2,
70513237019,5028P-2,
70513237033,5003-24MDM-4,
70513237040,2050B,
70513237071,5020B-2,
70513237088,5020B-4,
70513237095,5020C-2,
70513237149,5021B-2,
70513237156,5021B-4,
70513237163,5021C-2,
70513237194,5022B,
70513237200,5022B-2,
70513237217,5022W,
70513237224,5022W-2,
70513237262,5028P-2,
70513237316,5029W,
70513237699,5031MCC-4,
70513239211,5042W,
70513239679,5044BG,
70513239686,5044b,
70513240569,3000w,
9059M,5090MDM-4,
9415-2,5149-2,
"""5003-24MCC-4""",5003-24MCC-4,
"""5003-24MGM-2""",5003-24MGM-2,
"""5003-24MGM-4""",5003-24MGM-4,
"""5003-24RCC-4""",5003-24RCC-4,
"""5003DM-4""",5003DM-4,
"""5003MCC-2""",5003MCC-2,
"""5003MCC-4""",5003MCC-4,
"""5003MDM-4""",5003MDM-4,
"""5003MGM-4""",5003MGM-4,
"""5003MGM-four""",5003MGM-4,
"""5029B""",5029b,
"""5029W""",5029W,
"""5031BG-4""",5031BG-4,
"""5031CC-4""",5031CC-4,
"""5031DM-four""",5031DM-4,
"""5031MCC-four""",5031MCC-4,
"""5031MDM-four""",5031MDM-4,
"""5031RCC-4""",5031RCC-4,
"""5046BR""",5046BR,
"""5048-24MCC-4""",5048-24MCC-4,
"""5048MCC-4""",5048MCC-4,
"""5060MDM-Four""",5060MDM-4,
"""5061CC""",5061cc,
"""5061DM""",5061dm,
"""5061MCC""",5061MCC,
"""5063CC""",5063cc,
"""5065CC""",5065CC,
"""5070G-2""",5070G-2,
"""5071BR""",5071BR,
"""5072BL""",5072BL,
"""5076-2""",5076-2,
"""5090-4""",5090-4,
"""5090DM-4""",5090dm-4,
"""5091-2""",5091-2,
"""5091BM-2""",5091BM-2,
"""5091H-2""",5091H-2,
"""5091M-2""",5091M-2,
"""5092-2""",5092-2,
"""5096-2""",5096-2,
"""5098-2""",5098-2,
"""5107BG-2""",5107BG-2,
"""5107GR-2""",5107GR-2,
"""5111-2""",5111-2,
"""5112B""",5112B,
"""5112G""",5112G,
"""5113-2""",5113-2,
"""5114-2""",5114-2,
"""5115""",5115,
"""5116-2""",5116-2,
"""5120B-12""",5120B-12,
"""5120B-2""",5120B-2,
"""5121B""",5121B,
"""5121W""",5121W,
"""5122-2""",5122-2,
"""5123-2""",5123-2,
"""5124-2""",5124-2,
"""5125-2""",5125-2,
"""5126-2""",5126-2,
"""5127-2""",5127-2,
"""5128-2""",5128-2,
"""5129-2""",5129-2,
"""5131B""",5131B,
"""5133G""",5133G,
"""5134-2""",5134-2,
"""5139""",5139,
"""5150-2""",5150-2,
"""5151""",5151,
"""5155""",5155,
"""5158""",5158,
"""AM5106-2""",5106-2,
"""AM5109-2""",5109-2,
"""AM5110-2""",5110,
A5157,5157,
A5174,5174,
ab2050b,2050B,
ab3000w,3000w,
ACOT4085,2050B,
AM2050B,2050B,
am2050b-1,2050B,
am2050b-1-LA,2050B,
am2050B-11,2050B,
am2050B-11-LA,2050B,
am2050C-11,2050c,
am2050C-11-LA,2050c,
am2050w-1c1-LA,2050w-n,
am2050w-LA,2050w-n,
AM3000C,3000C,
AM3000W,3000w,
am3000w-LA,3000w,
am3000w1,3000w,
am3000wm,3000B,
am3000wm-LA,3000B,
AM5000,5000,
AM5000B,5000B,
AM5000BR,5000BR,
AM5000W,5000W,
AM5001B,5001B,
AM5003-24CC,5003-24CC,
AM5003-24CC-4,5003-24CC-4,
AM5003-24CC-4-LA,5003-24CC-4,
AM5003-24CC-four,5003-24CC-4,
AM5003-24CC-four-LA,5003-24CC-4,
AM5003-24CC-LA,5003-24CC,
AM5003-24DC-4-1,5003-24DC-4,
AM5003-24DC-four,5003-24DC-4,
AM5003-24DC-two,5003-24DC-2,
AM5003-24DDM-4,5003-24DDM-4,
AM5003-24DM,5003-24DM-2,
AM5003-24DM-4,5003-24DM-4,
AM5003-24DM-4-LA,5003-24DM-4,
AM5003-24DM-four,5003-24DM-4,
AM5003-24DM-four-LA,5003-24DM-4,
AM5003-24DM-LA,5003-24DM-2,
AM5003-24GG-4,5003-24GG-4,
AM5003-24GG-FOUR,5003-24GG-4,
AM5003-24MCC,5003-24MCC-2,
AM5003-24MCC-2,5003-24MCC-2,
AM5003-24MCC-2-LA-LA,5003-24MCC-2,
AM5003-24MCC-4,5003-24MCC-4,
AM5003-24MCC-4-LA,5003-24MCC-4,
AM5003-24MCC-four,5003-24MCC-4,
AM5003-24MCC-four-LA,5003-24MCC-4,
AM5003-24MDM-2,5003-24MDM-2,
AM5003-24MDM-2-LA,5003-24MDM-2,
AM5003-24MDM-4,5003-24MDM-4,
AM5003-24MDM-4-LA,5003-24MDM-4,
Am5003-24mdm-4aa,5003-24MDM-4,
Am5003-24mdm-4aa-LA,5003-24MDM-4,
AM5003-24MDM-four,5003-24MDM-4,
AM5003-24MDM-four-LA,5003-24MDM-4,
AM5003-24MGG-4,5003-24MGG-4,
AM5003-24MGG-four,5003-24MGG-4,
AM5003-24MGM,5003-24MGM-2,
AM5003-24MGM-4,5003-24MGM-4,
AM5003-24MGM-4-LA,5003-24MGM-4,
AM5003-24MGM-four,5003-24MGM-4,
AM5003-24MGM-four-LA,5003-24MGM-4,
AM5003-24MGM-LA,5003-24MGM-2,
AM5003AB-4,5003AB-4,
AM5003B,5003B-2,
am5003b1,5003B-4,
AM5003CC-2,5003CC-2,
AM5003CC-4,5003CC-4,
AM5003CC-four,5003CC-4,
AM5003CC-two,5003CC-2,
AM5003DC-two,5003DC-2,
AM5003DDM-four,5003DDM-4,
AM5003DDM-two,5003DDM-2,
AM5003DM-2,5003DM-2,
AM5003DM-2p,5003DM-2,
AM5003DM-2p-LA,5003DM-2,
AM5003DM-4,5003DM-4,
AM5003DM-4-LA,5003DM-4,
AM5003MCC,5003MCC-4,
AM5003MCC-2,5003MCC-2,
AM5003MCC-2p,5003MCC-2,
AM5003MCC-2p-LA,5003MCC-2,
AM5003MCC-4,5003MCC-4,
AM5003MCC-4-LA,5003MCC-4,
AM5003MDM,5003MDM-2,
AM5003MDM-4,5003MDM-4,
AM5003MDM-4-LA,5003MDM-4,
AM5003MDM-four,5003MDM-4,
AM5003MDM-four-LA,5003MDM-4,
AM5003MDM-LA,5003MDM-2,
AM5003MDM-two,5003MDM-2,
AM5003MDM-two-LA,5003MDM-2,
AM5003MGM-2,5003MGM-2,
AM5003MGM-2-LA,5003MGM-2,
AM5003MGM-4,5003MGM-4,
AM5003MGM-4-LA,5003MGM-4,
AM5003MGM-four,5003MGM-4,
AM5003MGM-four-LA,5003MGM-4,
AM5003MGM-two,5003MGM-2,
AM5003MGM-two-LA,5003MGM-2,
AM5003R-4,5003B-4,
AM5003S,5003S-2,
am5003s-24-2,5003s-24-2,
AM5003S-4,5003S-4,
am5003s1,5003S-4,
am5003s2,5003S-4,
am5003sss,5003S-2,
AM5005B,5005B,
AM5006B,5006B,
AM5009-24S-2pack,5009-24s-2,
AM5009-24S-4pack,5009-24s-4,
AM5009G-2p,5009D-2,
AM5009G-4,5009D-4,
AM5010BR,5010BR,
AM5010BR-LA,5010BR,
AM5010c-2,5010c,
AM5012-2,5012-2,
AM5012-2pack,5012-2,
AM5012W,5012W,
AM5013-2pack,5013-2pack,
AM5014B-2pack,5014B-2,
AM5014L-2pack,5014L-2,
AM5014W-2pack,5014W-2pack,
AM5020W-4,5020W-4,
AM5022B-2,5022B-2,
AM5022W-2,5022W-2,
AM5023W-2,5023W-2,
AM5029B,5029b,
am5029w,5029W,
AM5031DM-2,5031DM-two-1,
AM5031DM-2-LA,5031DM-two-1,
AM5031DM-4,5031DM-4,
AM5031DM-four,5031DM-4,
AM5031DM-four-LA,5031DM-4,
AM5031DM-two,5031DM-two-1,
AM5031DM-two-LA,5031DM-two-1,
AM5031MCC-2,5031MCC-2,
AM5031MCC-2-LA,5031MCC-2,
AM5031MCC-four,5031MCC-4,
AM5031MCC-four-LA,5031MCC-4,
AM5031MCC-Two,5031MCC-2,
AM5031MCC-Two-LA,5031MCC-2,
AM5031MCCFOUR,5031MCC-4,
AM5032-24DC-4,5032-24DC-4,
AM5032-24DC-four,5032-24DC-4,
AM5037B,5037B,
AM5037B-LA,5037B,
AM5037R,5037R,
AM5037R-LA,5037R,
AM5038B,5038B,
am5039A,5039B,
AM5039B-C,5039B,
AM5040B,5040B,
AM5041B,5041B,
AM5042B_1,5042B,
AM5042W,5042W,
AM5044B.a,5044b,
AM5044BG-2.a,5044BG-2,
AM5044BG.a,5044BG,
AM5045B-2.a,5045b-2,
AM5045BG-2.a,5045BG-2,
"AM5046BL 8012",5046BL,
AM5048-24DM-2,5048-24DM-2,
AM5048-24DM-2-LA,5048-24DM-2,
AM5048-24DM-4,5048-24DM-4,
AM5048-24DM-4-LA,5048-24DM-4,
AM5048-24DM-four,5048-24DM-4,
AM5048-24DM-four-LA,5048-24DM-4,
AM5048-24DM-two,5048-24DM-2,
AM5048-24DM-two-LA,5048-24DM-2,
AM5048-24MCC-2,5048-24MCC-2,
AM5048-24MCC-2-LA,5048-24MCC-2,
AM5048-24MCC-4,5048-24MCC-4,
AM5048-24MCC-4-LA,5048-24MCC-4,
AM5048-24MCC-FOUR,5048-24MCC-4,
AM5048-24MCC-four-LA,5048-24MCC-4,
AM5048-24MCC-two,5048-24MCC-2,
AM5048-24MCC-two-LA,5048-24MCC-2,
AM5048-24MDM-2,5048-24MDM-2,
AM5048-24MDM-2-LA,5048-24MDM-2,
AM5048-24MDM-4,5048-24MDM-4,
AM5048-24MDM-4-LA,5048-24MDM-4,
AM5048-24MDM-four,5048-24MDM-4,
AM5048-24MDM-four-LA,5048-24MDM-4,
AM5048-24MDM-two,5048-24MDM-2,
AM5048-24MDM-two-LA,5048-24MDM-2,
AM5048DM-2,5048DM-2,
AM5048DM-2-LA,5048DM-2,
AM5048DM-4,5048DM-4,
AM5048DM-4-LA,5048DM-4,
AM5048DM-four,5048DM-4,
AM5048DM-four-LA,5048DM-4,
AM5048DM-two,5048DM-2,
AM5048DM-two-LA,5048DM-2,
AM5048MCC-2,5048MCC-2,
AM5048MCC-2-LA,5048MCC-2,
AM5048MCC-4,5048MCC-4,
AM5048MCC-four,5048MCC-4,
AM5048MCC-four-LA,5048MCC-4,
AM5048MCC-two,5048MCC-2,
AM5048MCC-two-LA,5048MCC-2,
AM5048MDM-2,5048MDM-2,
AM5048MDM-4,5048MDM-4,
AM5048MDM-four,5048MDM-4,
AM5048MDM-two,5048MDM-2,
AM5048MGG--Four,5048MGG-4,
AM5048MGG-4,5048MGG-4,
AM5049B,5049b,
"AM5049B 8011",5049b,
AM5049R,5049r,
"AM5049R 8010",5049r,
AM5051,5051,
AM5051-LA,5051,
AM5060MCC-4,5060MCC-4,
AM5060MCC-4-LA,5060MCC-4,
AM5060MCC-four,5060MCC-4,
AM5060MCC-four-LA,5060MCC-4,
AM5060MCC-Two,5060MCC-2,
AM5060MCC-Two-LA,5060MCC-2,
AM5060MDM-4,5060MDM-4,
AM5060MDM-4-LA,5060MDM-4,
AM5060MDM-four,5060MDM-4,
AM5060MDM-four-LA,5060MDM-4,
AM5061CC,5061cc,
AM5061CC-LA,5061cc,
AM5061DM,5061dm,
AM5061DM-LA,5061dm,
AM5061MCC,5061MCC,
AM5061MCC-LA,5061MCC,
AM5062MCC,5062MCC,
AM5062MCC-LA,5062MCC,
AM5063MCC,5063MCC,
AM5063MCC-LA,5063MCC,
AM5064DM,5064DM,
AM5064DM-LA,5064DM,
AM5065MCC,5065mcc,
AM5065MCC-LA,5065MCC,
AM5066-2,5066GG-2,
AM5066GG-2,5066GG-2,
AM5066GG-2-LA,5066GG-2,
AM5067DG-2,5067DG,
AM5068B-2,5068B-2,
AM5068B-2-LA,5068B-2,
AM5069B-2,5069B-2,
AM5069B-2-LA,5069B-2,
AM5070G-2,5070G-2,
AM5070G-2-LA,5070G-2,
AM5071BR,5071BR,
AM5072BL,5072BL,
AM5072BL-LA,5072BL,
AM5091BM-2,5091BM-2,
am5091m-2,5091M-2,
"AM5091MM-2	",5091M-2,
AM5091MM-2,5091M-2,
AM5093-2,5093-2,
AM5094-2,5094-2,
AM5095-2,5095-2,
AM5096-2,5096-2,
AM5098-2,5098-2,
AM5102,5102,
AM5102-LA,5102,
AM5106-2,5106-2,
AM5106-2-LA,5106-2,
AM5107BG-2,5107BG-2,
AM5107GR-2,5107GR-2,
AM5108B-2,5108B-2,
AM5108B-2-LA,5108B-2,
AM5108G-2,5108G-2,
AM5108G-2-LA,5108G-2,
AM5109-2,5109-2,
AM5109-2-LA,5109-2,
AM5110-2,5110,
AM5110-2-LA,5110,
AM51144,5114-2,
AM5116-2,5116-2,
AM5122-4,5122-4,
AM5123-4,5123-4,
AM5124-4,5124-4,
AM5125-4,5125-4,
AM5126-4,5126-4,
AM5127-4,5127-4,
AM5128-4,5128-4,
AM5136,5136,
AM5137,5137,
AM5138,5138,
AM5140,5140,
am5147,5147,
am5148,5148,
am5162,5162,
am5163,5163,
AM5164,5164,
AM5165,5165,
AM5166,5166,
AM5167,5167,
AM5168,5168,
AM5169,5169,
AM5170,5170,
AM5171,5171,
AM5172,5172,
am5176,5176,
AM5177,5177,
AM5178,5178,
am5179,5179,
"am5269-2-2	",AM5269-2,
am5269-2-2,AM5269-2,
AM5270XL,AM5277,
AM5271-one,AM5271-1,
AM5320,"AM5320 HEAT",
ama5003mcc-4,5003MCC-4,
AMAM15045B-2,15045B-2,
AMAM15109-2,5109-2,
AMAM5113,5113-2,
amb-5049b,5003B-2,
AMm5003MCC-4,5003MCC-4,
AMm5003MCC-4-LA,5003MCC-4,
amm5020B-2,5020B-2,
amm5020B-4,5020B-4,
amm5020BW-2,5020BW-2,
amm5020W-2,5020W-2,
amm5020W-2-LA,5020W-2,
amm5020W-4,5020W-4,
amm5020W-4-LA,5020W-4,
amm5021B-4,5021B-4,
amm5022B-2,5022B-2,
amm5022W,5022W,
amm5022W-2,5022W-2,
amm5023W-2,5023W-2,
AMM5115,5115,
B00HPTI18C,3000W,
B01946ZZ96,5003-24CC-4,
B01K0IP0EM,BC5029W,
B01M3WCEEW,5003DM,
B01M5HPPN8,5003-24dmA,
B01M5HPQV4,5003-24mdm-1,
B01M9HAZLM,5031DM-4,
B01M9HDTP4,5031mcc-4,
B01MSP2HXB,ama5003mcc-4,
B01MZ9SSWW,5037B,
B01N22EXMQ,5037r,
B06WCZSPYC,5042b,
B06Y2614Y7,5048-24mdm-4,
B06Y264LVB,5048MDM-Four,
B06Y27VFZM,5048-24MCC-4,
B07143FGWT,5046BL,
B0716HJZVZ,5039SW,
B0716PD2Q9,5049R,
B071HLM749,5046BU,
B072822K1B,5046BR,
B072JJ244Q,5029w,
B072LDTHLX,5049B,
B0743VZ7XN,5046BL,
B0743YVML5,5029b,
B0743ZBK8G,5046BR1,
B075P1JG6F,5046wh,
B0792K4KF5,5067DG,
B0792LBL2Q,5066GG,
B0792MPG7D,5068B,
B0792NZDV2,5069B,
B079J86VKP,5071BR,
B079JH2LNL,5072BL,
B07FMDTG5X,5074,
B07FMK744V,5078,
B07G5TYKZX,5090MCC-4,
B07J4Z9C8X,5092-2,
B07J9LLSPR,5091-2,
B07L3XCFQZ,5048-24mcc-1,
B07L44LJCY,5048-24mdm-1,
B07NMK179M,5098-2,
B07NMQGYVG,5096-2,
B07TP43F9Y,5031CC-4,
B07WDM7KH3,5108B-1,
B07WHVCGK3,AM5109-1,
B07WHVCK4X,5108G-2,
B07WHVDHRP,5110,
B07Z9RFJ98,5113-2,
B07Z9RVJZX,5111-2,
B07Z9RYXQ5,5114-2,
B07ZDM2CWN,5115,
B07ZDMPR6J,5091H-2,
B07ZDN91P1,5091M-2,
B07ZG6NKD1,5112G,
B082BK1BDS,5107GR-2,
B082BK2BDW,AM5107BG-2,
B082VP7M7K,AM5116-2,
B0837CBMJY,5091BM-2,
B088KVGYHJ,5121B-15,
B089LGF77H,5124-2,
B089LKJK8Y,5129-2,
B089LMYHT5,5130-2,
B089LNLNP4,5123-2,
B089LNXP3G,5125-2,
B089LPT7MV,5132G,
B089LPTSZK,5128-2,
B089LPWZG9,5122-2,
B089LQGWTK,5131B1,
B089LT5ZMT,5126-2,
B089M137WY,5127-2,
B08DRWBV73,5135-2,
B08FNKWS25,5152-2,
B08FNNB1WM,5153-2,
B08FNNJYQP,5149-2,
B08FNR8CY5,5150-2,
B08FNWXJYZ,5112W,
B08FPDJVX7,5154,
B08FPJBVWF,5161,
B08FPLTC8V,5155,
B08FPMBY29,5148,
B08FPP36CD,5039WN,
B08FPQMNVT,5151,
B08FPRNQVL,5163,
B08FPRQJTY,5156,
B08FPS19BX,5159,
B08FPT1QG5,5160,
B08FQ11834,5157,
B08FQ2XKZ7,5162,
B08FQ53YCW,5147,
B08FRSFHK3,5134-2,
B08J8CLGK8,5175,
B08J8F1JXX,5176,
B08J8GYNVD,5174,
B08J8KG34X,5029G,
B08JFWBYS2,15044BG-2,
B08JFWCG13,15045GR,
B08JFWMRTM,5138,
B08JG19BN6,5137,
B08JG1PZLR,15044B-2,
B08JG1RFSJ,15044B,
B08JG28JZV,15045B-2,
B08JG5HD69,15044BG,
B08JG5JYTT,15045BG,
B08JGC1JJD,15045B,
B08M4BH256,AM5177,
B08M5LG9GG,AM5178,
B08M5Q62DR,5061MDM,
B08M5TW1Y9,AM5139,
B08M5Y9XN3,5140,
B08M5YRLDQ,AM5136,
B08NTX6KFT,AM5171,
B08NTXKK6M,AM5166,
B08NTXSXQ4,AM5170,
B08NTXZG1L,AM5165,
B08NTYPJ3T,AM5169,
B08NTYWN3C,AM5168,
B08NTYYC2F,AM5100S,
B08NTZ3Y98,AM5167,
B08NTZ6G4M,AM5172,
B08NV19LW8,AM5164,
B08PQ2YW1B,5180BG,
B08QYJHTF4,15045BG-2,
B08QYXKH6K,A5039W,
B08QYZF2R6,15044GR-2,
B08QZ3LGLZ,15045GR-2,
B08QZ6DWQK,5179,
B08QZB6L64,15044GR,
B08V4XFGFL,5182,
B08V55LQRX,5181,
B08V55Q55K,AM5143,
B08VZL6C75,AM5146,
B08W12QF48,AM5145,
B08W1FM1BH,AM5144,
B08WH8GHDJ,5145-1,
B08WHGVPYQ,5153-1,
B08WJCBGV7,5146-1,
B08WR892FM,5144-1,
B08WRFXPNW,5143-1,
B08XTG75FT,5107BGN-2,
B08XTP7RKX,5153-2,
B09598C1GD,BB5046BU,
B0959H539Q,BB5045B-2,
B0959LFX9S,5168,
B0959N8WY5,BB5107BGN-2,
B0959NPRG1,5167,
B0959Q7VD9,BB5029W,
B0959Q7YVJ,BB5046BR,
B0959RD682,BB5045GR-2,
B0959RFV6J,5107GR-2,
B0959RZG77,BB5169,
B0959VMMS6,5109-2,
B0959VR3KY,5165,
B0959WJW9H,5170,
B0959YZ12J,BB5096-2,
B0959Z7V2J,BB5046BL,
B0959ZDKYC,5164,
B095B1M1WB,5098-2,
B095B1PPT1,5108B-2,
B095B25C5V,15045GR-2,
B095B265F7,5166,
B095B29QM5,BB5178,
B095B2KL4G,5106-2,
B095B2Z1T5,5180-2,
B095B3D1MT,5171,
B0964JVWSQ,5177,
B0964LH7S7,5172,
B09BJTQBXB,15045B-2,
B09BJV9QBD,15044BG,
B09BJVQBXP,15045GR-2,
B09BJVV36R,15044B,
B09BJVWLQN,15044GR-2,
B09BJVZ75Q,15045GR,
B09BJW4RLP,15045BG-2,
B09BJW5GZG,15044BG-2,
B09BJWTCSH,15045BG,
B09BJX3WVR,15045B,
B09BJXHCDQ,15044B-2,
B09BJYC7D6,15044GR,
B09C51J8MN,5186,
B09C51RL4X,5188,
B09C52YPFH,5187,
B09HL95TK5,5072BL,
B09HLB2D6L,5116-2,
B09HLBQYFZ,5115,
B09HN4NBDF,CC5071BR,
B09HN72RF4,5195,
B09HNDXVFG,5193,
B09HRC6YR4,5194,
B09K4SZBBB,5153-4,
B09K4TMXRB,5098-4,
B09K4VHWSW,5116-4,
B09K4VJX1D,5029w-2,
B09KFDWBGN,5191-2,
B09KFGDB6L,5192-2,
B09KFPYPKV,5190-2,
B09KFSLX2V,5184,
B09KG8XDS9,5196,
B09KGFQRV7,5185,
B09L9S4TLJ,5092-4,
B09LB877S4,5212,
B09LBM1DR9,5212-2,
B09LFJ6NNY,5211,
B09LFQ34S4,5211-2,
B09LXFRPGH,5046BL-4,
B09M17ZFDX,5046BL-2,
B09M7ND8FG,5091M-4,
B09M7NGXGB,5127-4,
B09M7PPR9Y,5124-4,
B09M95DYJH,5114-4,
B09M95P72P,5125-4,
B09M96N7TH,5111-4,
B09MDN9R2F,5128-4,
B09MDPTY2P,5072BL-2,
B09MDQDQ2B,5130-4,
B09MDR7BQQ,5106-4,
B09MDSP711,5163-2,
B09MDSTK5K,5109-4,
B09MDYNF28,CC5071BR-2,
B09MF113ZG,5126-4,
B09MGBFZW1,5123-4,
B09MGBVN3D,5122-4,
B09MR96RN2,5134-2,
B09MZQNMMQ,5129-4,
B09MZRS1VK,5134-4,
B09MZRVLY4,5190-4,
B09MZSBWHP,5192-4,
B09MZTKYGG,5191-4,
B09NMSBR8V,5113-4,
B09QF947KX,5046BR,
B09QFKTPB1,5046wh,
B09QFPJGTM,5046BU,
B09RD1HZT9,5153GR-2,
B09RD5TBXJ,5091-2,
B09RF25NZZ,5153TL-2,
B09SNRH1KH,5153PK-2,
B09SPCKY5M,5153BK-2,
B09SPD49Z9,5153GN-2,
B09SR48WBB,5162BK,
B09SR549ZJ,5162GY,
B09SR6RCSY,5162BN,
B09SR8CZYG,5162BU,
B09SRC79XQ,5153BK-1,
B09SRH3P8C,5153GN-1,
B09SRLZVXY,5153PK-1,
B09T4ZZX7J,5180,
B09TGCYMD8,5046WH-4,
B09TGD87R4,5046BU-4,
B09TGDC8PB,5046BR-4,
B09V1QLLK1,5178,
B09V1XPFVX,5071BR-2,
B09V1YHPY4,5071BR,
B09WY1ZQSN,5029b,
B09Z66KFG2,5213BL,
B09Z7F8MP2,5046WH-2,
B09Z7FRB8Q,5115-2,
B09Z7G7662,5029G-2,
B09Z7GC4T7,5046BR-2,
B09Z7GZQK1,5046BU-2,
B0B1982KT4,5177chair-4,
B0B2FGLKJF,5178-2,
B0B4PR8GKW,5214,
B0B4R4X4BQ,5214-2,
B0B5MBM23G,15044BY,
B0B5MC1QKF,15044BY-2,
B0B5MCDXB9,15044BLU,
B0B5MDRKXZ,15044BLU-2,
B0B7QFG73P,5045BGS-2,
B0B9ZC5J21,5177TABLE-2,
B0BB14DJ45,5177table-1,
B0BCNH1Z4B,5211-cushion-Blue-2,
B0BCNMX61R,5211-cushion-Blue,
B0BCPCXSC3,5211-cushion-Cream-2,
B0BCT24GXC,5BCasters,
B0BDC49TCB,CushionBeige77-2,
B0BDCFB33N,CushionSand-2,
B0BDQ4Q6PP,5123T-2,
B0BDQLLWJB,5123T-4,
B0BG3RX42V,5177beige,
B0BG3V3BRX,5177tan,
B0BHBBBJT4,5184-2,
B0BHBL96VT,5196-2,
B0BHBSN8WZ,5185-2,
B0BHKPJF4W,5211cushion-Gray-2,
B0BHL8QS9V,5211cushion-Gray,
B0BJM1S97J,5091BU-2,
B0BJM959BF,5111GY-2,
B0BJMD3ZTH,5181W,
B0BJMFC6ZJ,5223GY-2,
B0BJMP45D2,5223BK-2,
B0BJMTPDR8,5111BU-2,
B0BJMZ526P,5223BU-2,
B0BJMZNJ5L,5224BG-2,
B0BJN48MM6,5111BU-4,
B0BJN7YGDL,5111GY-4,
B0BJNX5DT1,5226GY-2,
B0BM37DX1G,5220-2,
B0BM3NRMKQ,5221-2,
B0BM3T22CG,5219-2,
B0BMT4PJ8L,5153WLG-2,
B0BMT83MSB,5153W-2,
B0BMTBT6R3,5153WLG-4,
B0BMTRNZDT,5153W-4,
B0BN2FTCQK,5218-2,
B0BN2GYKY5,5215,
B0BN2HZ4L6,5217-2,
B0BN2JT68L,5216,
B0BN4QL58H,5116-6,
B0BQ16NP85,AM5240GY-3-AM5232,
B0BQ1DKYSW,AM5240GY-2-AM5231,
B0BQ1DPT2Q,AM5240BN-4-AM5232,
B0BQ1GQ1ZQ,AM5240BN-2-AM5231,
B0BQ1GY6BP,AM5240BK-4-AM5232,
B0BQ1H2J7Z,AM5240BK-2-AM5232,
B0BQ1H3G3Y,AM5240GY-2-AM5232,
B0BQ1JBKXT,AM5240GY-4-AM5232,
B0BQ1QLWH3,AM5240GY-3-AM5231,
B0BQ1QLWJD,AM5240BN-3-AM5231,
B0BQ1R5KM1,AM5240GY-4-AM5231,
B0BQ1S2JCK,AM5240BK-3-AM5232,
B0BQ1SFKRJ,AM5240BK-3-AM5231,
B0BQ1SKYZK,AM5240BN-2-AM5232,
B0BQ1T7BLS,AM5240BK-4-AM5231,
B0BQ218284,AM5240BN-3-AM5232,
B0BQ221N2Y,AM5240BN-4-AM5231,
B0BQ4J97LS,AM5240BN-2-AM5239,
B0BQ4S8524,AM5240BK-3-AM5238,
B0BQ51GW88,AM5240BK-3-AM5239,
B0BQ54BTZY,AM5240BN-3-AM5238,
B0BQ55PJFN,AM5240GY-3-AM5238,
B0BQ55PJFP,AM5240BK-2-AM5238,
B0BQ5CM3Z9,AM5240BK-2-AM5239,
B0BQ5CMB1M,AM5240BN-2-AM5238,
B0BQ5D416X,AM5240GY-2-AM5238,
B0BQ5D551V,AM5240GY-2-AM5239,
B0BQ5HQHV1,AM5240BN-3-AM5239,
B0BQ5HQP33,AM5240GY-3-AM5239,
B0BQ8JH96Z,AM5240BK-2,
B0BQ8JLB34,AM5240BN-5,
B0BQ8LXVSM,AM5240BK-10,
B0BQ8M3VM8,AM5227-2-AM5239,
B0BQ8P9CVL,AM5232-2,
B0BQ8PF5VV,AM5227-3-AM5239,
B0BQ8RFWY6,AM5240GY-10,
B0BQ8VVHCG,AM5240BN-3,
B0BQ8VZNPX,AM5239-2,
B0BQ8W85R8,AM5240GY-3,
B0BQ8WJYZ4,AM5238,
B0BQ8YJH9K,AM5227-2,
B0BQ8YRZ5C,AM5231,
B0BQ8ZFV3Y,AM5240BN-2,
B0BQ9263MV,AM5227-2-AM5238,
B0BQ92G74B,AM5227-4-AM5231,
B0BQ9553FG,AM5239,
B0BQ99SRCL,AM5240BN-4,
B0BQ9CXQ3W,AM5240GY-5,
B0BQ9QHM1F,AM5227-10,
B0BQ9QHTVG,AM5227-4,
B0BQ9QHYCB,AM5227-3,
B0BQ9RCL6K,AM5240GY-4,
B0BQ9T8D4W,AM5238-2,
B0BQ9WHWGW,AM5227-5,
B0BQ9WL3PQ,AM5227-3-AM5238,
B0BQ9WRFN2,AM5232,
B0BQ9WZLQR,AM5240GY-2,
B0BQ9X52XQ,AM5227-3-AM5232,
B0BQ9YQR6Y,AM5227-2-AM5231,
B0BQB1GVLZ,AM5240BK-5,
B0BQB48W2J,AM5227-4-AM5232,
B0BQB4V69R,AM5227-2-AM5232,
B0BQB4WS4L,AM5240BK-4,
B0BQB6HV82,AM5231-2,
B0BQB8Q24D,AM5240BN-10,
B0BQB8QZ7V,AM5227-3-AM5231,
B0BQB8R9RZ,AM5240BK-3,
B0BQSC26DM,AM5241GY-5,
B0BQSC537R,AM5241GY-4-AM5232,
B0BQSC6W84,AM5241BN-2-AM5231,
B0BQSF7NLG,AM5241GY-2-AM5232,
B0BQSHS6BJ,AM5241GY-2-AM5231,
B0BQSJFV7R,AM5241BN-2-AM5232,
B0BQSJGJ8K,AM5241BN-3-AM5238,
B0BQSP5H8P,AM5241GY-3,
B0BQSPGLQZ,AM5241GY-4-AM5231,
B0BQSR8975,AM5241BN-10,
B0BQSRNNS4,AM5241GY-10,
B0BQSRQ3QJ,AM5241BN-5,
B0BQSSKXBP,AM5241GY-2,
B0BQSSL8JG,AM5241BN-3,
B0BQSTRRW1,AM5241GY-3-AM5231,
B0BQSV3QFS,AM5241GY-3-AM5239,
B0BQSV7XS6,AM5241BN-3-AM5232,
B0BQSVL4NW,AM5241BN-2-AM5239,
B0BQSVM82N,AM5241GY-2-AM5239,
B0BQSVV7YT,AM5241GY-2-AM5238,
B0BQSW7L75,AM5241BN-4,
B0BQSXXY16,AM5241BN-4-AM5232,
B0BQSY9XZK,AM5241BN-2,
B0BQT1JLL4,AM5241BN-3-AM5239,
B0BQT1V3BR,AM5241BN-2-AM5238,
B0BQT1X6M2,AM5241BN-3-AM5231,
B0BQT1X8LF,AM5241BN-4-AM5231,
B0BQT43SXS,AM5241GY-3-AM5232,
B0BQT44D7J,AM5241GY-4,
B0BQT6BMX3,AM5241GY-3-AM5238,
B0BR8S29SK,AM5229-2,
B0BR8SDX97,AM5228-2,
B0BR8SDYP9,AM5228,
B0BR8SKRXX,AM5229,
B0BR8SPHFY,AM5230,
B0BRBQYTSQ,AM5230-2,
B0BRKNG6GH,AM5237-8,
B0BRKP9RW3,AM5236-8,
B0BRKPPR87,AM5236-2,
B0BRKPTPQF,AM5236-1,
B0BRKPV465,AM5237-4,
B0BRKPYHD2,AM5236-6,
B0BRKQ68DW,AM5237-6,
B0BRKQ8YPR,AM5236-4,
B0BRKQJXFL,AM5237-1,
B0BRKR2HNQ,AM5237-10,
B0BRLFXMPK,AM5237-2,
B0BRPVWH71,AM5236-40,
B0BRPWBP32,AM5235-2,
B0BRPWD4RF,AM5235-5,
B0BRPX5FB1,AM5234-5,
B0BRPXHFH3,AM5237-50,
B0BRPXNYXC,AM5234-2,
B0BRPYF14Q,AM5233-1,
B0BRPYQ2XY,AM5233-2,
B0BRPYYL4Q,AM5236-3-AM5233,
B0BRPZ65SZ,AM5234-1,
B0BRPZH79V,AM5235-1,
B0BRPZL9CW,AM5233-5,
B0BRPZQ34R,AM5236-4-AM5235,
B0BRPZRJ3P,AM5237-3-AM5233,
B0BRQ1H86B,AM5237-4-AM5235,
B0BS95G492,AM5227-4-AM5239,
B0BS95Z1GZ,AM5241GY-3-AM5228,
B0BS968ZMC,AM5241GY-4-AM5239,
B0BS969R19,AM5227-2-AM5228,
B0BS96CZP9,AM5240GY-3-AM5228,
B0BS96FGQR,AM5240GY-2-AM5228,
B0BS96FY6V,AM5241GY-4-AM5228,
B0BS96MY81,AM5240GY-4-AM5239,
B0BS96S427,AM5240GY-4-AM5228,
B0BS96SJD1,AM5241BN-3-AM5229,
B0BS96SW9H,AM5240BK-2-AM5229,
B0BS971JDC,AM5240BN-4-AM5239,
B0BS9723WL,AM5227-4-AM5228,
B0BS972BW6,AM5241GY-4-AM5238,
B0BS9744H5,AM5227-2-AM5229,
B0BS97B6LM,AM5227-4-AM5229,
B0BS97K3C4,AM5241BN-2-AM5229,
B0BS97KWV8,AM5240BK-4-AM5238,
B0BS97MLJ9,AM5240BK-4-AM5229,
B0BS97TB27,AM5241GY-3-AM5229,
B0BS97YP4H,AM5240GY-4-AM5238,
B0BS982SWL,AM5227-3-AM5229,
B0BS983J8G,AM5240BK-2-AM5228,
B0BS984SFM,AM5241BN-4-AM5229,
B0BS9865Y5,AM5241BN-4-AM5228,
B0BS98826Z,AM5240BN-4-AM5229,
B0BS9884LK,AM5240BK-4-AM5239,
B0BS988MDC,AM5241BN-4-AM5238,
B0BS988Z7Y,AM5241BN-4-AM5239,
B0BS989FVG,AM5241GY-4-AM5229,
B0BS98CZV9,AM5240BN-2-AM5228,
B0BS98DSBT,AM5241BN-3-AM5228,
B0BS98FG28,AM5241BN-2-AM5228,
B0BS98FV88,AM5240BK-4-AM5228,
B0BS98GLZC,AM5240BN-3-AM5229,
B0BS98JBF8,AM5227-4-AM5238,
B0BS98LJGM,AM5240GY-3-AM5229,
B0BS98SWW3,AM5240BN-4-AM5228,
B0BS98YXGC,AM5240BK-3-AM5229,
B0BS98ZCBH,AM5241GY-2-AM5229,
B0BS98ZZYP,AM5240BN-3-AM5228,
B0BS996SWV,AM5227-3-AM5228,
B0BS9971B9,AM5240GY-2-AM5229,
B0BS99CM1Y,AM5241GY-2-AM5228,
B0BS99CYV8,AM5240GY-4-AM5229,
B0BS99DCBQ,AM5240BN-4-AM5238,
B0BS99H89J,AM5240BN-2-AM5229,
B0BS99JR6B,AM5240BK-3-AM5228,
B0BS9D67RN,5225-25-BG-2,
B0BS9FGP86,5224BG-2,
B0BSP4VT8D,5110GY-4,
B0BSP58RNL,5110GY-2,
B0BSP5G9X9,5116WHE-2,
B0BSP6DFZF,5116WHE-4,
B0BXRK4G3J,5222-2,
B0BXRN79TC,5116BN-4,
B0BXRY86ZG,5116BN-2,
B0C6NMT9VS,AM5253-1,
B0C6NNFRL4,AM5252-1,
B0C6NP92WT,AM5242-1,
B0C6NVFD6G,AM5255-1,
B0C6NXYPBJ,AM5244-5,
B0C6NZRB4G,AM5243-2,
B0C6P282F5,AM5243-1,
B0C6P5DWQT,AM5254-1,
B0C6P74D8Z,AM5244-1,
B0C6P8ZGPR,AM5242-2,
B0C6PBNZ4F,AM5242-5,
B0C6PBS53D,AM5244-2,
B0C6PL7P7G,AM5243-5,
B0C6YZPQQ9,AM5253-4,
B0C6Z1PC2B,AM5254-4,
B0C6Z224YM,AM5252-4,
B0C6Z34PJX,AM5255-10,
B0C797YKKN,AM5252-20,
B0C79GDN2P,AM5253-30,
B0C79H5JJQ,AM5255-40,
B0C79HXHLD,AM5254-20,
B0C79LDP9M,AM5252-30,
B0C79LJ23M,AM5253-50,
B0C79LT297,AM5252-50,
B0C79M8ZV1,AM5255-100,
B0C79MSV7T,AM5253-20,
B0C79N6QHG,AM5254-50,
B0C79QTXJ5,AM5254-30,
B0C7ZN6XZC,AM5227-2-AM5248,
B0C7ZN76N6,AM5240GY-4-AM5248,
B0C7ZN9C48,AM5241GY-4-AM5247,
B0C7ZNKXFF,AM5227-2-AM5247,
B0C7ZNMJZB,AM5241GY-3-AM5247,
B0C7ZP3G7G,AM5240BN-4-AM5247,
B0C7ZP4B4Q,AM5240GY-2-AM5247,
B0C7ZP76P9,AM5241BN-2-AM5248,
B0C7ZP79C8,AM5241BN-4-AM5247,
B0C7ZP7SVT,AM5241BN-2-AM5247,
B0C7ZP7YL1,AM5247-2,
B0C7ZP92GV,AM5240GY-3-AM5248,
B0C7ZPKTC8,AM5248-2,
B0C7ZPVHL6,AM5227GY-3-AM5248,
B0C7ZPWY4P,AM5241BN-3-AM5247,
B0C7ZPZ89R,AM5227-4-AM5248,
B0C7ZQ412J,AM5247,
B0C7ZQ63TD,AM5227-3-AM5247,
B0C7ZQ7CWV,AM5227GY-3-AM5247,
B0C7ZQC5SS,AM5240GY-2-AM5248,
B0C7ZQGFWT,AM5241GY-3-AM5248,
B0C7ZQKD2Y,AM5227GY-2-AM5248,
B0C7ZQLGXD,AM5227GY-4-AM5248,
B0C7ZQMQPZ,AM5240GY-4-AM5247,
B0C7ZQNNGB,AM5240BN-3-AM5247,
B0C7ZQSNR2,AM5240BK-4-AM5248,
B0C7ZQSQCP,AM5240BN-3-AM5248,
B0C7ZQXLDJ,AM5241BN-3-AM5248,
B0C7ZQXLFQ,AM5241GY-4-AM5248,
B0C7ZQYGKR,AM5227-4-AM5247,
B0C7ZQZZSL,AM5227GY-4-AM5247,
B0C7ZR14W7,AM5240BK-3-AM5248,
B0C7ZR1W36,AM5240BN-2-AM5248,
B0C7ZR24MR,AM5240BK-2-AM5248,
B0C7ZR2KWK,AM5241BN-4-AM5248,
B0C7ZRBLYV,AM5227GY-2-AM5247,
B0C7ZRCR4J,AM5240GY-3-AM5247,
B0C7ZRGP58,AM5240BN-2-AM5247,
B0C7ZRJNTF,AM5240BN-4-AM5248,
B0C7ZRNSV4,AM5241GY-2-AM5247,
B0C7ZRT5PX,AM5241GY-2-AM5248,
B0C7ZRTPJJ,AM5227-3-AM5248,
B0C7ZRWQ6P,AM5240BK-2-AM5247,
B0C7ZS95LT,AM5248,
B0C7ZSCKJ2,AM5230NF,
B0C7ZSG25K,AM5240BK-3-AM5247,
B0C7ZSLQZD,AM5240BK-4-AM5247,
B0C8127VMR,AM5227GY-2-AM5228,
B0C8145XMJ,AM5227GY-2-AM5229,
B0C814F4X5,AM5227GY-4-AM5229,
B0C814WJVY,AM5230-2NF,
B0C8151HTK,AM5227GY-3-AM5229,
B0C8156HJG,AM5227GY-4-AM5228,
B0C816KP1K,AM5227GY-3-AM5228,
B0C8R2R7NV,AM5236BK-1,
B0C8R6QFNR,AM5237BK-4,
B0C8RB1DXX,AM5236BK-3-AM5233,
B0C8RD3M75,AM5236BK-40,
B0C8RDR7C5,5267-2,
B0C8RDRJR3,AM5236BK-8,
B0C8RGR39K,AM5236RD-4,
B0C8RGSCJ9,5268,
B0C8RHHVQD,5251-2,
B0C8RK3N2N,AM5237RD-10,
B0C8RK5ZHZ,AM5236RD-4-AM5235,
B0C8RKW18V,AM5237GY-3-AM5233,
B0C8RKXSKH,AM5237RD-3-AM5233,
B0C8RLLQNF,AM5236BK-6,
B0C8RLPHV8,AM5236RD-1,
B0C8RMNS9T,5267,
B0C8RN6RS2,AM5237RD-8,
B0C8RN7NX7,AM5236RD-8,
B0C8RNCXSP,AM5237GY-2,
B0C8RNMG27,5223W-2,
B0C8RNRHJ7,AM5237GY-1,
B0C8RNTLF7,5245-2,
B0C8RNYDTH,AM5237GY-10,
B0C8RPR9PZ,5223GY-4,
B0C8RQH2T9,AM5237RD-2,
B0C8RQJMFM,AM5237GY-4,
B0C8RQJMHK,AM5237RD-1,
B0C8RQM5J7,AM5237GY-6,
B0C8RQNXBC,AM5237RD-50,
B0C8RQP7N2,AM5237BK-3-AM5233,
B0C8RQQQ5Q,5223W-4,
B0C8RR3K6P,AM5236RD-40,
B0C8RR9TV5,5246,
B0C8RRMNB9,AM5236BK-4-AM5235,
B0C8RRQ67W,AM5237BK-50,
B0C8RRR66J,AM5237GY-8,
B0C8RRZKDZ,5245,
B0C8RS3HWT,5251-1,
B0C8RSPSX3,AM5237BK-2,
B0C8RT8NF5,AM5236RD-3-AM5233,
B0C8RTZ52Y,AM5236RD-6,
B0C8RV4MJC,AM5237GY-50,
B0C8RV9S9P,AM5237RD-4-AM5235,
B0C8RX9PG4,AM5236RD-2,
B0C8RXJ2KT,AM5237GY-4-AM5235,
B0C8RXNT6K,AM5236BK-2,
B0C8RXR1MZ,AM5237BK-4-AM5235,
B0C8RZPGKP,AM5237BK-10,
B0C8S11S72,AM5237BK-6,
B0C8S11S74,AM5237RD-6,
B0C8S1FM8M,AM5237BK-1,
B0C8S1FPZ6,AM5237BK-8,
B0C8S1JNB3,AM5237RD-4,
B0C8S3FS8Q,5250-2,
B0C8S3QCGV,5250-1,
B0C8S3R76C,AM5236BK-4,
B0C8ZH7BMH,AM5227BZ-4-AM5231,
B0C8ZHKCC2,AM5227BZ-3-AM5239,
B0C8ZJJX7Y,AM5227BZ-2-AM5238,
B0C8ZK8DD4,AM5227GY-10,
B0C8ZKGQ9Z,AM5227GY-2,
B0C8ZKJZMP,AM5227BZ-2-AM5232,
B0C8ZKWQD5,AM5227BZ-4,
B0C8ZL9YT4,AM5227BZ-3-AM5231,
B0C8ZLGR4V,AM5227GY-2-AM5239,
B0C8ZLJB8C,AM5227GY-5,
B0C8ZLPLT9,AM5227BZ-4-AM5232,
B0C8ZLVC1P,AM5227GY-3,
B0C8ZLWYFC,AM5227BZ-10,
B0C8ZM6LCG,AM5227GY-4,
B0C8ZMB5H2,AM5227GY-4-AM5238,
B0C8ZMB79Q,AM5227BZ-2-AM5231,
B0C8ZMCHTB,AM5227GY-3-AM5231,
B0C8ZMFW7J,AM5227BZ-4-AM5228,
B0C8ZMKT1J,AM5227GY-3-AM5238,
B0C8ZMKWQ2,AM5227BZ-4-AM5239,
B0C8ZMN2GH,AM5227BZ-3-AM5238,
B0C8ZMQTHD,AM5227BZ-4-AM5238,
B0C8ZMT4ZJ,AM5227GY-2-AM5232,
B0C8ZMVLJX,AM5227BZ-2,
B0C8ZMXCRY,AM5227GY-3-AM5239,
B0C8ZMXCS5,AM5227BZ-2-AM5239,
B0C8ZN6764,AM5227GY-4-AM5231,
B0C8ZN7YDX,AM5227BZ-5,
B0C8ZNDB7V,AM5227BZ-4-AM5248,
B0C8ZNFR9V,AM5227BZ-3-AM5232,
B0C8ZNPRJT,AM5227GY-2-AM5231,
B0C8ZNSN8C,AM5227GY-4-AM5239,
B0C8ZNVGZ4,AM5227BZ-3-AM5229,
B0C8ZNWP4G,AM5227BZ-3-AM5248,
B0C8ZP8BN2,AM5227BZ-3-AM5247,
B0C8ZPBG47,AM5227GY-2-AM5238,
B0C8ZPC19F,AM5227BZ-3-AM5228,
B0C8ZPCNBJ,AM5227BZ-3,
B0C8ZPJ13L,AM5227GY-3-AM5232,
B0C8ZPNJHZ,AM5227BZ-2-AM5229,
B0C8ZPPGJ7,AM5227BZ-4-AM5229,
B0C8ZPRD4X,AM5227BZ-4-AM5247,
B0C8ZPZZZF,AM5227BZ-2-AM5228,
B0C8ZQGTWP,AM5227BZ-2-AM5248,
B0C8ZQX5B8,AM5227BZ-2-AM5247,
B0C8ZR8DY6,AM5227GY-4-AM5232,
B0CC25M28W,AM5265,
B0CC282XTC,AM5261,
B0CC28DQS6,AM5258,
B0CC29Y551,AM5258-2,
B0CC2BBCG9,AM5260,
B0CC2CLB39,AM5263,
B0CC2D9ZXD,AM5257,
B0CC2DHDHM,AM5256,
B0CC2DSJLF,AM5259,
B0CC3SG681,AM5262,
B0CHXQLTPN,AM5270,
B0CJ65QKPM,AM5269,
B0CK1HYKW7,AM5275-2,
B0CK1JBWPX,AM5275-8,
B0CK1LQTYG,AM5275-4,
B0CK1M2LTY,AM5275-1,
B0CK1MD4YM,AM5275-6,
B0CK1N3B8Y,AM5276,
B0CKD5B9NM,5245-cushion-Red-2,
B0CKD5WZL3,AM5230-5,
B0CKD7FFYH,5245-cushion-Red-1,
B0CKDC7RWT,5267-cushion-Brown,
B0CKDFCQ8H,5267-cushion-Brown-2,
B0CL5HYWCY,AM5277,
B0CMC24JKZ,AM5257-2,
B0CMF14J73,AM5237-20,
B0CN3TRV9G,5196,
B0CN3V3153,5185-2,
B0CNBHFD9W,AM5237BK-20,
B0CNBL435S,AM5237RD-20,
B0CNBRPNFV,AM5237GY-20,
B0CNMYMWS3,AM5234-10,
B0CNN5T8DC,AM5233-10,
B0CPHJHSLK,AM5274-5,
B0CPHJK4CD,AM5271-10,
B0CPHLVS7N,AM5273-1,
B0CPHMNQRC,AM5274-1,
B0CPHP8L8G,AM5274-10,
B0CPHPC1RK,AM5273-5,
B0CPHQ749Z,AM5271-5,
B0CPHRJ3L9,AM5273-2,
B0CPHSG1M5,AM5271-2,
B0CPHSRMTQ,AM5273-10,
B0CPHZNLNN,AM5274-2,
B0CPJTT4G7,AM5271-1,
B0CQGLPRMX,AM5234B-2,
B0CQGM7F6Z,AM5234B-1,
B0CQGN7WL3,AM5234B-5,
B0CQGNBSMF,AM5234B-10,
B0CQRXNFBW,AM5236-2-AM5274,
B0CQTV46LN,am5269-2,
B0CR5JT5N2,BB5166-AM5100S,
B0CR5R1W2M,BB5167-AM5100S,
B0CR5TSHXK,BB5187-AM5100S,
B0CS4RBL9D,AM5252-4-AM5273,
B0CTRRFX7J,5234-1-HEAVY-HEAVY,
B0CTRTX38Y,AM5273-2,
B0CTRTY1ND,AM5273-1,
B0CTRX8BRQ,5234-5-HEAVY-HEAVY,
B0CTRXD9L1,AM5234B-2,
B0CTRYJMJT,AM5274-1,
B0CTRYM635,AM5273-10,
B0CTRYVM2L,AM5234B-10,
B0CTS3CBPG,AM5274-2,
B0CTS3LTMF,AM5274-5,
B0CTS3Q48R,5234-2-HEAVY-HEAVY,
B0CTS4LY24,AM5234B-1,
B0CTS7R4YK,AM5274-10,
B0CTSB9LGG,5234-10-HEAVY-HEAVY,
B0CTSCHP27,AM5273-5,
B0CTSHHZBG,AM5234B-5,
B0CZZ8ZT1P,AM5269,
B0D116G7ZP,5269-2,
B0D15TZ75Z,AM5262,
B0D23PNHV3,AM5279-5,
B0D23X2WVQ,AM5278-2,
B0D23Z2G21,AM5278-5,
B0D2426TND,AM5279-2,
B0D242RFKX,AM5278-10,
B0D244TYFM,AM5278-1,
B0D24B23CZ,AM5279-1,
B0D24CLB8D,AM5279-10,
B0D36C614Z,AM5237-4-AM5274,
B0D36DXKYM,AM5237-2-AM5274,
B0D36P17J3,AM5237-4-AM5273,
B0D36VSJXN,AM5237-3-AM5274,
B0D38B7NCM,AM5237-3-AM5273,
B0D38BCD19,AM5237-2-AM5273,
B0D524LLD3,AM5247,
B0D7DQPY6K,AM5242B-1,
B0D7DTT9V1,AM5243B-5,
B0D7DV8WF9,AM5243B-2,
B0D7DYXGWZ,AM5243B-1,
B0D7F2YWFB,5290BLU,
B0D7F4BLZK,AM5242B-5,
B0D7FFQMNM,AM5242B-2,
B0D7JXJYKT,5290W,
B0D84ZKBL7,AM5287-2,
B0D85FDJGT,AM5287-1,
B0D85FTKSB,AM5287-5,
B0D85JQ9T1,AM5287-10,
B0D862VGQ7,AM5288-1,
B0D863119M,AM5288-10,
B0D869C7PS,AM5289-5,
B0D86KB1WK,AM5289-1,
B0D86KCD67,AM5288-2,
B0D86KGD24,AM5289-2,
B0D86MXXNS,AM5289-10,
B0D86Q1WY3,AM5288-5,
B0D8NQPY7T,AM5292,
B0D8NTQDDX,AM5291,
B0D8S76F1G,AM5292-2,
B0D8SB74R5,AM5291-2,
B0D8VH8C4L,AM5292-5,
B0D8VK75N5,AM5291-5,
B0D935G258,AM5293GY-3,
B0D936CQS2,AM5293GY-2,
B0D936NS4K,AM5293GY,
B0D94V2D3B,AM5293BK,
B0D94WHNC9,AM5293BK-3,
B0D94WL1SW,AM5293BK-2,
B0D974DR4M,AM5294-2,
B0D974SV8G,AM5294-1,
B0D974XVFK,AM5294-5,
B0D98XKG8J,AM5286-10,
B0D98XVR5T,AM5286-2,
B0D98Y7LVH,AM5286-1,
B0D98YG83T,AM5286-5,
B0DBMVKYY1,5290W-2,
B0DBNCK51N,5290BLU-2,
B0DFXMN3MQ,AM5230-10,
B0DFXPD67M,AM5252-8,
B0DFXR64WB,5256,
B0DG15SWRK,AM5281,
B0DJG563CR,AM5295-2,
B0DJG5F781,AM5295-1,
B0DJG5LG39,AM5295-5,
B0DJH9NYNL,AM5237-100,
B0DLCSLTDW,AM5114-2,
B0DLDNRLZ6,AM5243-10A,
B0DPJHG6NC,XL-NS12,
B0F5YS2QH1,NSRM12,
B0F6WG1QY5,NV202,
B0F96LGQ4Q,NSD302,
B0F9BF2FG3,AM5230-2NF,
B0F9BGX9NH,AM5230NF,
B0F9BMLT2W,AM5228-2,
B0F9BYBR4V,AM5230-10,
B0F9C5TTX4,AM5230-5,
B0F9C79WX7,AM5228,
B0F9C9Z46K,AM5230,
B0F9CD1JFF,AM5247-2,
B0F9CHGHLF,AM5229-2,
B0F9CL6KPM,AM5247,
B0F9CT3R6C,AM5248-2,
B0F9CW8RY4,AM5230-2,
B0F9LQPVXJ,AM5229,
B0F9LRTKV2,AM5248,
B0FBZ9JNL7,NSD303,
B0FC5NRY83,AM5233-10,
B0FC5NTY46,AM5233-2,
B0FC5W3GTM,AM5233-1,
B0FC5WV2MG,AM5233-5,
B0FGLP4LGM,AM5235-HW-1,
B0FGLQFX82,AM5235-HB-10,
B0FGLR8BK6,AM5235-HB-1,
B0FGLRP6H2,AM5235-HB-2,
B0FGLWDTL6,AM5235-HW-10,
B0FGM28RS4,AM5235-HW-5,
B0FGM4N2DD,AM5235-HW-2,
B0FGMF5NY6,AM5235-HB-5,
B0FHSYH7YG,AM5304-4,
B0FHT155Z5,AM5304-2,
B0FHT2C9PF,AM5303-50,
B0FHT2MRZP,AM5304-12,
B0FHT34PTW,AM5303-2-AM5235HW,
B0FHT53VLL,AM5304-50,
B0FHT7MC8V,AM5309-1,
B0FHT829PL,AM5304-6,
B0FHT83424,AM5309-4,
B0FHT83KZC,AM5303-20,
B0FHT9R6HR,AM5309-20,
B0FHTF5VL7,AM5303-8,
B0FHTF67LZ,AM5303-1,
B0FHTG12W1,AM5309-50,
B0FHTG4D46,AM5303-2,
B0FHTH2NRT,AM5309-36,
B0FHTLW1H2,AM5304-36,
B0FHTMC2SC,AM5309-6,
B0FHTRJW3H,AM5303-12,
B0FHTRMG64,AM5304-20,
B0FHTV88DP,AM5303-4,
B0FHTWLWKJ,AM5309-2,
B0FHXGJWPB,AM5309-2-AM5235HW,
B0FHY6BYXT,AM5304-2-AM5235HW,
B0FP766CR7,AM5318-20,
B0FP77NV8J,AM5317-50,
B0FP7816WF,AM5317-4,
B0FP7FSNYL,AM5317-30,
B0FP7FWQ6G,AM5317-20,
B0FP7NWJ3Q,AM5318-30,
B0FP7Q84J3,AM5318-1,
B0FP7R2XS4,AM5317-1,
B0FP7TRRRN,AM5318-50,
B0FP7Z3L8J,AM5318-4,
B0FPP74K6X,AM5312-2,
B0FPPBLLKT,AM5312,
B0FPPDCHS9,5311-2,
B0FPPHXYQD,5311-1,
B0FPPKBRHJ,AM5313-2,
B0FPPT3F7V,AM5313-1,
B0FPR79LZH,Patentxl-ns,
B0FT5J53TS,Patent-NS5322-27,
B0FT5W8Z4N,"NS5326 -12 WHITE",
B0FT5XS1DQ,"NS5324-6 WHITE",
B0FT5YPL7K,NS5323-6,
B0FT62TF95,NS5323-3,
B0FT639CW4,"NS5327-6 WHITE",
B0FT661VKM,"NS5323-12 WHITE",
B0FT667JKL,"NS5322-6 WHITE",
B0FT689TMT,"NS5327-3 WHITE",
B0FT68JNMZ,"NS5324-12 WHITE",
B0FT68RFYS,"NS5326-6 WHITE",
B0FT68RRZ2,"NS5324-3 WHITE",
B0FT6CW98X,"NS5325-6 WHITE",
B0FT6GD7H9,"NS5327-12 WHITE",
B0FT6JVMFB,"NS5326-3 WHITE",
B0FT6MTL2L,"NS5322-3 WHITE",
B0FT6YYC9T,"NS5325-3 WHITE",
B0FT7565BJ,"NS5325-12 WHITE",
B0FT77329H,"NS5322-12 WHITE",
B0FTK9X1NX,5312-2,
B0FTKB1KT3,5312-1,
B0FTKXX2CH,5313-2,
B0FTLJMZRN,5311-2,
B0FTPKMF6Q,5313-1,
B0FTPV3CB7,AM5297,
B0FTPXG4WS,AM3000CC,
B0FTQ1GBW3,AM2050CC,
B0FTQ8C54W,5311-1,
B0FTQB7C9M,AM5298,
B0FTQC9LFJ,AM2050WW,
B0FTQD99PV,AM5296,
B0FTQT49P6,AM5299,
B0FTQT4GZ1,AM3000WW,
B0FW1FSFRR,5313-2,
B0FXD5PB8M,AM5317-2,
B0FXD6MBKQ,AM5318-2,
B0FXD7XCFH,AM5252-2,
B0FXD7Y362,AM5253-2,
B0FY8T21MY,5273-3,
B0FY8VGRHT,AM5237-30,
B0FY8Z1ZH3,AM5230-3,
B0FY918BHC,AM5234-4,
B0FY91NKDC,AM5234-20,
B0FY94LDG4,AM5243-3,
B0FY97XR5N,AM5235-3,
B0FY97YQKV,5273-4,
B0FY987D28,5317-12,
B0FY9HSCTX,AM5237-40,
B0FY9HTZ5D,AM5234-3,
B0FY9P7LLG,AM5248-3,
B0FY9RNKTZ,AM5252-16,
B0FY9W68D3,5317-100,
B0FYB1C1YW,5318-100,
B0FYB3B2LF,AM5234-8,
B0FYB3NWCR,5318-12,
B0FYB49PDX,AM5237-5,
B0FYBBHW18,5212-3,
B0FYBC6S8W,5214-3,
B0G2DZFYXZ,AM5237-4-AM5235-HW,
B0G2F4DGMB,AM5237BK-4-AM5235-HB,
B0G2F57M7W,AM5237BK-2-AM5235-HB,
B0G2F9CLLD,AM5237-2-AM5235-HW,
B0G2TDWBG7,XL-NS12B,
B0G2TXT95C,AM5274-3,
B0G2TZ5LM1,AM5274-1,
B0G2TZ64Y1,AM5274-6,
B0G5DLTWJP,5319,
B0G5DT97S8,AM5319,
B0G5K9NYV5,AM5319-2,
B0G5N1FPB5,AM5321-1,
B0G64D3XBV,"AM5320 HEAT",
B0GDHXVQ1T,AM5331-4,
B0GDJ9J2Q8,AM5332-8,
B0GDJB6DZ6,AM5332-4,
B0GDJWS9XW,AM5302-1,
B0GF3KM5M1,AM5234-five,
B0GF4CJ4PF,AM5278-one,
B0GF4CTR2L,AM5242B-one,
B0GF4GS3HQ,AM5286-one,
B0GF4LSDST,AM5243-two,
B0GF4LYSYN,AM5271-1,
B0GF4RDYDR,AM5243-ten,
B0GF4RM9RY,AM5248-one,
B0GF4VF7DX,A-AM5230-five,
B0GFSWWW2C,NS5340,
B0GFY5DHWQ,NS5330,
B0GFY8Y956,NS5334,"bed pillow set of 2"
B0GFY9423F,NS5331,
B0GFYCV87C,NS5337,
B0GFYCVNW9,NS5333,
B0GFYHJBJM,NS5332,
B0GFYHQFXB,NS5335,
B0GGDYGVT7,NS5340-5,
B0GGF894P9,NS5340-12,
B0GGFBG6YD,NS5340-28,
B0GGFKZ64H,NS5340-24,
B0GGG8ZYNY,NS5340-3,
B0GGGC4QG6,NS5340-6,
B0GGGKGP6H,NS5340-192,
B0GH3Y3JBZ,NS5343-1,
B0GH3YNG9P,NS5342-6,
B0GH3YWDBC,NS5341-3,
B0GH3Z5QYL,NS5341-12,
B0GH3ZNXVQ,NS5341-6,
B0GH42T7N8,NS5342-1,
B0GH476CBT,NS5341-24,
B0GH4CJPTV,NS5342-12,
B0GH4HW8BF,NS5343-12,
B0GH4K3JB7,NS5342-3,
B0GH52337Q,NS5341-1,
B0GHCDV8GH,NSjeans,
B0GJ7CDBSV,AM5242-1,
B0GJ7GXKP7,AM5242-10,
B0GJ7JPP71,AM5242B-10,
B0GJNN2PFB,AM5320SS,
B0GL9LWQ2V,AM5271-Parent,
B0GNCL9KPH,AM5279-10,
B0GNCLCG6W,AM5234B-1,Am5234B-ONE
B0GND1N6DK,AM5243B-2,
B0GSSFMZM2,5269,
B0GSSN9TMB,5170,
B0GSSNSKC8,AM5291,
B0GSSQG1JC,A-AM5276-chair,
B0GSSQN9TJ,A-AM5276-TABLE,
B0GSSSG3S2,AM5029G-1,
B0GSSSGZP4,AM5252-8,
B0GSST8ZSR,AM5291-2,
B0GSSTR34L,AM5252-20,
B0GSSV86C9,AM5227BZ-4,
B0GSSVNVPH,15044BY,
B0GSSW6T19,AM5289-1,
B0GSSWJ3J7,AM5275-2,
B0GST8813H,AM5276,
B0GVLFN6G2,AM5252-4,
B0GWKJQ413,NSjeansM1-ICEBLUE-36,
B0GWKJS9HD,NSjeansM7-SBLUE-36,
B0GWKJTTDT,NSjeansM4-LTTINT-36,
B0GWKJV4VC,NSjeansM2-SBLUE-28,
B0GWKJWYTV,NSjeansM3-SBLUE-32,
B0GWKJXTHH,NSjeansM1-SBLUE-28,
B0GWKJY3T2,NSjeansM1-ICEBLUE-34,
B0GWKJY3YH,NSjeansM6-ICEBLUE-38,
B0GWKK3ZQD,NSjeansM7-ICEBLUE-36,
B0GWKKHZ3Y,NSjeansM3-SBLUE-30,
B0GWKKHZ65,NSjeansM5-JETBLACK-34,
B0GWKKR7SY,NSjeansM5-LTTINT-38,
B0GWKLRBD3,NSjeansM5-ICEBLUE-38,
B0GWKLS4DM,NSjeansM7-SBLUE-34,
B0GWKLSFWQ,NSjeansM3-ICEBLUE-32,
B0GWKLTLHH,NSjeansM4-JETBLACK-38,
B0GWKLTPN2,NSjeansM1-SBLUE-36,
B0GWKLW3V1,NSjeansM4-JETBLACK-34,
B0GWKLYRVC,NSjeansM4-SBLUE-28,
B0GWKLYYGV,NSjeansM6-SBLUE-36,
B0GWKLZ58T,NSjeansM1-LTTINT-30,
B0GWKM38CP,NSjeansM4-LTTINT-30,
B0GWKMD7V4,NSjeansM6-SBLUE-32,
B0GWKMDV45,NSjeansM7-ICEBLUE-30,
B0GWKMDY29,NSjeansM4-LTTINT-34,
B0GWKMJNVH,NSjeansM3-ICEBLUE-30,
B0GWKMS3QH,NSjeansM4-SBLUE-36,
B0GWKMTS8D,NSjeansM2-ICEBLUE-36,
B0GWKMW4XD,NSjeansM2-JETBLACK-34,
B0GWKMX84J,NSjeansM4-ICEBLUE-30,
B0GWKMZ8WG,NSjeansM5-JETBLACK-32,
B0GWKMZD2Q,NSjeansM3-SBLUE-36,
B0GWKN19DH,NSjeansM3-LTTINT-36,
B0GWKN1DVQ,NSjeansM5-SBLUE-28,
B0GWKN1X2L,NSjeansM1-LTTINT-34,
B0GWKN2FDK,NSjeansM3-ICEBLUE-36,
B0GWKN2ML8,NSjeansM6-SBLUE-34,
B0GWKN3N43,NSjeansM2-SBLUE-38,
B0GWKN3VKP,NSjeansM6-SBLUE-28,
B0GWKN4YKX,NSjeansM5-JETBLACK-30,
B0GWKN7WJP,NSjeansM5-SBLUE-36,
B0GWKN836J,NSjeansM6-ICEBLUE-32,
B0GWKN8PNP,NSjeansM1-JETBLACK-36,
B0GWKN9M9L,NSjeansM2-JETBLACK-30,
B0GWKNC8G5,NSjeansM3-ICEBLUE-34,
B0GWKNHG7F,NSjeansM4-LTTINT-28,
B0GWKNJY8M,NSjeansM4-JETBLACK-28,
B0GWKNKGPS,NSjeansM2-ICEBLUE-34,
B0GWKNRLRC,NSjeansM5-ICEBLUE-36,
B0GWKNVJ4Q,NSjeansM1-SBLUE-30,
B0GWKNZYDC,NSjeansM2-LTTINT-30,
B0GWKP39TD,NSjeansM4-ICEBLUE-38,
B0GWKP3LYV,NSjeansM5-JETBLACK-38,
B0GWKP4MMR,NSjeansM7,
B0GWKPFZR4,NSjeansM7-ICEBLUE-28,
B0GWKPG6SK,NSjeansM5-LTTINT-34,
B0GWKPJ4JP,NSjeansM2-SBLUE-36,
B0GWKPK9K5,NSjeansM3-LTTINT-30,
B0GWKPMTQJ,NSjeansM2-LTTINT-34,
B0GWKPPFJC,NSjeansM7-JETBLACK-32,
B0GWKPPP5C,NSjeansM1-ICEBLUE-28,
B0GWKPQ5FM,NSjeansM4-JETBLACK-32,
B0GWKPSPKB,NSjeansM1-LTTINT-32,
B0GWKPT6W3,NSjeansM6-JETBLACK-34,
B0GWKPW67Q,NSjeansM6-SBLUE-30,
B0GWKQ12LB,NSjeansM3-JETBLACK-36,
B0GWKQ9117,NSjeansM5-LTTINT-30,
B0GWKQHZFZ,NSjeansM5-ICEBLUE-28,
B0GWKQKX1Y,NSjeansM1-JETBLACK-32,
B0GWKQLBHR,NSjeansM4-SBLUE-30,
B0GWKQLQ9N,NSjeansM6-SBLUE-38,
B0GWKQQLV3,NSjeansM1-ICEBLUE-32,
B0GWKQRRJ1,NSjeansM7-JETBLACK-36,
B0GWKQRVLB,NSjeansM6-JETBLACK-32,
B0GWKQS9TG,NSjeansM5-ICEBLUE-32,
B0GWKQSHJQ,NSjeansM5-LTTINT-32,
B0GWKQTJPB,NSjeansM2-JETBLACK-38,
B0GWKQVRRW,NSjeansM3-JETBLACK-32,
B0GWKQWMP4,NSjeansM5-ICEBLUE-34,
B0GWKQX5NS,NSjeansM1-LTTINT-36,
B0GWKQYS1W,NSjeansM3-ICEBLUE-38,
B0GWKR2GDQ,NSjeansM5-SBLUE-32,
B0GWKR7G5H,NSjeansM2-JETBLACK-36,
B0GWKR9PF4,NSjeansM6-JETBLACK-36,
B0GWKRKG8H,NSjeansM3-LTTINT-32,
B0GWKRL2PF,NSjeansM6-ICEBLUE-34,
B0GWKRL6R3,NSjeansM5-SBLUE-34,
B0GWKRTHVL,NSjeansM1-JETBLACK-28,
B0GWKRV1YW,NSjeansM2-SBLUE-34,
B0GWKS8HB4,NSjeansM1-ICEBLUE-38,
B0GWKS8PDQ,NSjeansM3-LTTINT-28,
B0GWKSC53Z,NSjeansM3-ICEBLUE-28,
B0GWKSDXH6,NSjeansM7-ICEBLUE-34,
B0GWKSG1K4,NSjeansM6-ICEBLUE-28,
B0GWKSK82Q,NSjeansM4-ICEBLUE-28,
B0GWKSMY13,NSjeansM2-LTTINT-28,
B0GWKSYHVC,NSjeansM3-JETBLACK-30,
B0GWKSZ26L,NSjeansM1-SBLUE-34,
B0GWKSZ6Q6,NSjeansM6-JETBLACK-30,
B0GWKT58C6,NSjeansM1-JETBLACK-30,
B0GWKT5NGT,NSjeansM1-LTTINT-38,
B0GWKT9VLV,NSjeansM6-ICEBLUE-30,
B0GWKTMQMB,NSjeansM2-ICEBLUE-30,
B0GWKTMVSC,NSjeansM3-SBLUE-34,
B0GWKTN715,NSjeansM4-SBLUE-32,
B0GWKTNYZZ,NSjeansM2-SBLUE-32,
B0GWKTPV1T,NSjeansM2-JETBLACK-28,
B0GWKTSJ4D,NSjeansM5-JETBLACK-28,
B0GWKTSN6G,NSjeansM4-JETBLACK-36,
B0GWKTWW5H,NSjeansM4-SBLUE-34,
B0GWKVF825,NSjeansM7-JETBLACK-28,
B0GWKVTHG7,NSjeansM3-JETBLACK-38,
B0GWKW3L77,NSjeansM2-SBLUE-30,
B0GWKW6DMK,NSjeansM2-JETBLACK-32,
B0GWKW6DNK,NSjeansM3-LTTINT-38,
B0GWKW7MK4,NSjeansM7-ICEBLUE-32,
B0GWKWB6XY,NSjeansM1-SBLUE-38,
B0GWKWB6YB,NSjeansM1-JETBLACK-34,
B0GWKWLYLY,NSjeansM2-LTTINT-32,
B0GWKWWJJK,NSjeansM2-ICEBLUE-32,
B0GWKWYZ1C,NSjeansM5-ICEBLUE-30,
B0GWKX3YHM,NSjeansM5-LTTINT-36,
B0GWKX7XC2,NSjeansM3-LTTINT-34,
B0GWKXKX28,NSjeansM4-ICEBLUE-34,
B0GWKXNZSB,NSjeansM3-JETBLACK-28,
B0GWKXQSPP,NSjeansM4-SBLUE-38,
B0GWKXVM2H,NSjeansM2-ICEBLUE-38,
B0GWKXWWGW,NSjeansM6-JETBLACK-38,
B0GWKXWWHC,NSjeansM7-JETBLACK-30,
B0GWKXYSSR,NSjeansM1-ICEBLUE-30,
B0GWKY842N,NSjeansM3-JETBLACK-34,
B0GWKY8M31,NSjeansM7-ICEBLUE-38,
B0GWKYF81S,NSjeansM4-LTTINT-38,
B0GWKYF82J,NSjeansM7-SBLUE-28,
B0GWKYFRBP,NSjeansM5-SBLUE-38,
B0GWKYM57D,NSjeansM2-LTTINT-38,
B0GWKYMZ4P,NSjeansM5-SBLUE-30,
B0GWKYNKK4,NSjeansM2-ICEBLUE-28,
B0GWKYNW98,NSjeansM7-JETBLACK-34,
B0GWKYWPMX,NSjeansM7-SBLUE-38,
B0GWKYYF7J,NSjeansM3-SBLUE-38,
B0GWKZN65F,NSjeansM4-ICEBLUE-36,
B0GWKZRL12,NSjeansM4-JETBLACK-30,
B0GWKZTHG1,NSjeansM1-LTTINT-28,
B0GWL1KZLP,NSjeansM4-ICEBLUE-32,
B0GWL1NTDN,NSjeansM4-LTTINT-32,
B0GWL1QJDP,NSjeansM6-ICEBLUE-36,
B0GWL1YGR2,NSjeansM1-JETBLACK-38,
B0GWL23QJM,NSjeansM2-LTTINT-36,
B0GWL26651,NSjeansM3-SBLUE-28,
B0GWL2666Y,NSjeansM5-JETBLACK-36,
B0GWL317RR,NSjeansM7-JETBLACK-38,
B0GWL597LP,NSjeansM7-SBLUE-30,
B0GWL5CLFC,NSjeansM6-JETBLACK-28,
B0GWL5CLFP,NSjeansM7-SBLUE-32,
B0GWL5GN74,NSjeansM1-SBLUE-32,
B0GWL5JJKR,NSjeansM5-LTTINT-28,
B0GXCLJCBQ,NSjeansM1,
B0GXCLNW3F,NSjeansM4,
B0GXCLV79M,NSjeansM3,
B0GXCNMCYW,NSjeansM5,
B0GXCPLZTH,NSjeansM6,
B0GXCSN95L,NSjeansM2,
B0GY2H4CVB,5233B-5,
B0GY2JSV9G,AM5233B-10,
B0GY2M8L41,5233B-10,
B0GY2N47JN,AM5233B-2,
B0GY2N4VPZ,AM5233B-5,
B0GY2N8SFL,5233B-1,
B0GY2QL2WL,AM5233B-1,
B0GY2QWHBC,5233B-2,
B0GZLPTJMH,NS5330-5PK,
B0GZLPTV2P,NS5330-3PK,
B0GZLR36VS,NS5330-4PK,
B0GZLTK4QQ,NS5330-8PK,
B0GZLTMX1Q,NS5330-6PK,
B0GZM1R76Y,NS5330-2PK,
B0GZM3M8DV,NS5330-7PK,
B0H1PFK7J4,NS5340-48,
B0H1PP13HY,NS5340-100,
B0H1PQHZPP,NS5340-240,
BB5046BR,5046BR,
BB5046BU,5046bu,
BB5098-2,5098-2,
BB5106-2,5106-2,
BB5106-4,5106-4,
BB5107GR-2,5107GR-2,
BB5108B-2,5108B-2,
BB5109-2,5109-2,
BB5109-4,5109-4,
BB5110-2,5110,
BB5134-2,5134-2,
BB5165,5165,
BB5166,5166,
BB5167,5167,
BB5170,5170,
BB5171,5171,
BB5172,5172,
BB5187,5187,
BB5188,5188,
"Birdbath Vintage Bronze Solar Lighted Pedestal Bird Bath Garden Fountain Planter Decoration Accents",5171,
BSTOOLMGM4SET,5003MGM-4,
"BTEXPERT  5-Foot - 60"" Long White Plastic Folding Seminar Training Table Portable 18"" Wide Narrow, 29"" High, Events Indoor Outdoor Lightweight",AM5271-Parent,
"BTEXPERT 27.5"" Square Indoor Outdoor Bistro Table ",AM5248-one,
"BTExpert 32",AM5234-five,
"BTEXPERT 4 Foot Fold-in-Half Folding Utility Table, Height Adjustable Portable Plastic Table w/ Carry Handles, Lightweight Commercial Grade Indoor Outdoor for Picnic, Camping, Office Home Party Black",AM5242B-one,
"BTEXPERT 4-Foot 48",AM5278-one,
"BTEXPERT 5029w BTExpert Swivel Mid Back Armless Ribbed Designer Task Chair Leather Soft Upholstery Office Chair - White",5029W,
"BTExpert 6-Foot Plastic Folding Bench, Indoor Outdoor Portable Fold-in-Half Seating with Carry Handle, UV Waterproof HDPE Seat, Powder-Coated Steel Frame, Stackable, White",AM5286-one,
"BTEXPERT AM5061DM Industrial Dining Chair Bench Full Back Seat, Distressed Metal, 5061DM",5061dm,
"BTExpert Over the Door Locking Jewelry Armoire - Black",3000B,
"BTEXPERT Set of 10 Fold-in-Half Folding Utility Tables 6-Foot 72"" x 29.5"" Lightweight Portable with Carrying Handle Indoor Outdoor Picnic Camping Office Home Party Wedding Event White",AM5243-ten,
"BTEXPERT Set of 10, 4ft Folding Utility Table Fold-in-Half Lightweight Height Adjustable Portable Carrying Handle Indoor Outdoor Picnic Camping Office Home Party Easy to Clean Store White Set of 10",AM5242-10,
"BTEXPERT Set of 10, Fold-in-Half Folding Utility Table 4Feet Lightweight Height Adjustable Portable Carrying Handle Indoor Outdoor Picnic Camping Office Home Party Easy to Clean Store Care Black",AM5242B-10,
"BTExpert Set of 2, Fold-in-Half Folding Utility Table 6 Feet 72"" x 29.5"" Lightweight Portable Carrying Handle Indoor Outdoor Picnic Camping Office Home Party Wedding Event Easy Clean Store Care White",AM5243-two,
"BTEXPERT Set of 5 ",A-AM5230-five,
C5116-2,5116-2,
CC5029W,5029W,
CC5044B,15044B,
CC5044B-2,15044B-2,
CC5044BG,15044BG,
CC5044BG-2,15044BG-2,
CC5044BLU,15044BLU,
CC5044BLU-2,15044BLU-2,
CC5044BY,15044BY,
CC5044BY-2,15044BY-2,
CC5044GR,15044GR,
CC5044GR-2,15044GR-2,
CC5045B,15045B,
CC5045B-2,15045B-2,
CC5045BG,15045BG,
CC5045BG-2,15045BG-2,
CC5045BGS-2,5045BGS-2,
CC5045GR,15045GR,
CC5045GR-2,15045GR-2,
CC5046B,5046BL,
CC5071BR,5071BR,
CC5071BR-2,5071BR-2,
CC5072BL,5072BL,
CC5072BL-2,5072BL-2,
CC5091-2,5091-2,
CC5115,5115,
CC5116-2,5116-2,
DAW-EAMES-5022B,5022B,
DAW-EAMES-5022B-2,5022B-2,
DAW-EAMES-5022W,5022W,
DAW-EAMES-5022W-2,5022W-2,
DAW-EAMES-5023W,5023W,
DAW-EAMES-5023W-2,5023W-2,
DAW-EAMES-5024W,5024w,
DAW-EAMES-5024W-2,5024W-2,
DP-QP9Y-7FW4,3050b,
dsqch-1,5022W-2,
DWS-5020W-2,5020W-2,
DWS-5020W-4,5020W-4,
DWS-EAMES-5020B-2,5020B-2,
DWS-EAMES-5020B-4,5020B-4,
DWS-EAMES-5020T-4,5020T-4,
DWS-EAMES-5020W-2,5020W-2,
DWS-EAMES-5020W-4,5020W-4,
DWS-EAMES-5021B-4,5021B-4,
EACK1001,5060MDM-4,
EACK1002,5060MDM-2,
EACK1005,5061cc,
EACK1009,5068B-2,
EACK1010,5069B-2,
EACK1011,5070G-2,
EACK1012,5073-2,
EACK1015,5074,
EACK1016,5075,
EACK1017,5076,
EACK1018,5077,
EACK1019,5078,
EACK1020,5081,
EACK1021,5083,
EACK1024,5048MDM-2,
EACK1025,5048MDM-4,
EACK1032,5061MCC,
EACK1033,5063MCC,
EACK1034,5072BL,
EACK1036,5076-2,
EACK1038,5084-2,
EACK1039,5086-2,
EACK1040,5087-2,
EACK1041,5089-4,
EACK1042,5090-4,
EACK1043,5091-2,
EACK1044,5092-2,
EACK1045,5003-24MGM,
EACK1046,5088-2,
EACK1047,5098-2,
EACK1048,5097-2,
EACK1049,5096-2,
EACK1050,5095-2,
EACK1051,5094-2,
EACK1052,5093-2,
EACK1053,5003-18DM-4,
EACK1054,5003-24BG-4,
EACK1055,5031RCC-4,
EACK1058,5063cc,
EACK1060,5065CC,
EACK1063,5090CC-4,
EACK1066,5101-2,
EACK1068,5100,
EACK1069,5102,
EACK1070,5106-2,
EACK1071,5108B-2,
EACK1072,5108G-2,
EACK1073,5109-2,
EACK1074,5110,
EACK1075,5003-24RCC-4,
EACK1077,5111-2,
EACK1078,5091M-2,
EACK1080,5113-2,
EACK1081,5114-2,
EACK1082,5115,
EACK1083,5112G,
EACK1087,5107GR-2,
EACK1089,5116-2,
EACK1090,5048DM-4,
EACK1092,5121W,
EACK1098,5119W,
EACK1100,5120B-2,
EACK1101,5120B-12,
EACK1102,5126-2,
EACK1105,5129-2,
EACK1374,NS5330,
EACK1375,NS5331,
EACK1376,NS5332,
FAMC1001,2060w,
FAMC1002,3010w,
FAMC1003,3012w,
FAMC1004,5001B,
FAMC1005,5003S,
FAMC1007,5003DM-2,
FAMC1008,5003MDM-2,
FAMC1010,5003MCC-2,
FAMC1017,5010c,
FAMC1018,5011-2pack,
FAMC1020,5012W,
FAMC1021,5013-2pack,
FAMC1022,5023W,
FAMC1024,5024W-2,
FAMC1025,5028P-2,
FAMC1029,5003-24MGM-2,
FAMC1031,5021B-4,
FAMC1034,5022W,
FAMC1036,5010BR,
FAMC1037,5022W-2,
FAMC1039,5011W,
FAMC1040,5023W-2,
FAMC1041,5000W,
FAMC1042,5014W-2pack,
FAMC1043,5003DM-4,
FAMC1044,5020W-2,
FAMC1045,5003-24S-2,
FAMC1047,5003-24S-4,
FAMC1048,5021W-2,
FAMC1050,5030B,
FAMC1058,5003MGM-4,
FAMC1059,5003MGM-2,
FAMC1060,5003S-4,
FAMC1062,5031DM-4,
FAMC1063,5031DM-2,
FAMC1065,5031MDM-2,
FAMC1066,5032-24DC-4,
FAMC1067,5032-24DC-2,
FAMC1070,5003-24MDM-2,
FAMC1071,5041B,
FAMC1073,5042W,
FAMC1074,5043W,
FAMC1075,5045BGE-2,
FAMC1077,5044BGE-2,
fb-am3000w,3000w,
fba-2060w,2060w,
FBA-3010w,3010w,
FBA-5003-24MCC-4,5003-24MCC-4,
FBA-5022W-2,5022W-2,
FBA-5023W-2,5023W-2,
FBA-5024W-2,5024W-2,
FBA-5026C-2,5026C-2,
FBA-5027C-2,5027C-2,
fba-am5000b,5000B,
FBA-AM5003DM-4,5003DM-4,
FBA-AM5003MCC-4,5003MCC-4,
GRYL6604,5003MGM-4,
"HF234 AM2050C",2050c,
"HF235 AM5000B",5000B,
"HF236 AM5000W",5000W,
"HF240 AM5003R",5003R-2,
kids-lime,5014L-2,
"Lily Leaf Free standing bird bath pedestal garden home décor water feeder bath [Green]",5165,
MAM15110-2,5110,
MCRW6195,5020W-4,
nB0GFY87GJM,NS5336,
nB0GFYCV87C,NS5337,
ONS--5003-24MDM-4,5003-24MDM-4,
ONS--50301MCC-4,5031MCC-4,
ONS-5029W,5029W,
ONS-5031MCC-2,5031MCC-2,
ONS1-5003-18DM-4,5003-18DM-4,
ONS1-5003-24bg-4,5003-24BG-4,
ONS1-5003-24MCC-1,5003-24MCC,
ONS1-5003MCC-1,5003MCC,
ONS1-5003MDM-1,5003MDM,
ONS1-5031BG-4,5031BG-4,
ONS1-5031DM-1,5031DM,
ONS1-5031DM-four-1,5031DM-4,
ONS1-5031DM-two-1,5031DM-two-1,
ONS1-5031MCC-four-1,5031MCC-4,
ONS1-5048-24MDM-1,5048-24MDM,
ONS1-5048-24MDM-four,5048-24MDM-4,
ONS1-5048-24MDM-two,5048-24MDM-2,
ONS1-5048DM-four,5048DM-4,
ONS1-5048DM-two,5048DM-2,
ONS1-5048MCC-two,5048MCC-2,
ONS1-5048MDM-1,5048MDM,
ONS1-5048MDM-four,5048MDM-4,
ONS1-5048MDM-two,5048MDM-2,
ONS1-5060MDM-4,5060MDM-4,
ONS1-5074,5074,
ONS1-5078,5078,
ONS1-5089BG-4,5089BG-4,
ONS1-5089CC-4,5089CC-4,
ONS1-5090BG-4,5090BG-4,
ONS1-5090CC-4,5090CC-4,
ONS1-5090dm-4,5090dm-4,
ONS1-AM5003-24MCC-4,5003-24MCC-4,
ONS1-AM5003-24MCC-four,5003-24MCC-4,
ONS1-Am5003-24mdm-4aa,5003-24MDM-4,
ONS1-AM5031DM-2,5031DM-two-1,
ONS1-AM5031DM-four,5031DM-4,
ONS1-AM5031DM-two,5031DM-two-1,
ONS1-AM5048-24DM-2,5048-24DM-4,
ONS1-AM5048-24DM-4,5048-24DM-4,
ONS1-AM5048-24DM-four,5048-24DM-4,
ONS1-AM5048-24DM-two,5048-24DM-2,
ONS1-AM5048-24MDM-2,5048-24MDM-2,
ONS1-AM5048-24MDM-4,5048-24MDM-4,
ONS1-AM5048-24MDM-four,5048-24MDM-4,
ONS1-AM5048-24MDM-two,5048-24MDM-2,
ONS1-AM5048DM-2,5048DM-2,
ONS1-AM5048DM-4,5048DM-4,
ONS1-AM5048DM-four,5048DM-4,
ONS1-AM5048DM-two,5048DM-2,
ONS1-AM5048MCC-2,5048MCC-2,
ONS1-AM5048MCC-four,5048MCC-4,
ONS1-AM5048MCC-two,5048MCC-2,
ONS1-AM5048MDM-2,5048MDM-2,
ONS1-AM5048MDM-4,5048MDM-4,
ONS1-AM5048MDM-four,5048MDM-4,
ONS1-AM5048MDM-two,5048MDM-2,
ONS1-AM5060MDM-4,5060MDM-4,
ONS1-AM5060MDM-four,5060MDM-4,
ONS1-AM5060MDM-Two,5060MDM-2,
"Premium Wooden Jewelry Armoire Cabinet with Cheval Mirror and Lock - Black, Color:Black",2050B,
RDBT6339,3000w,
TRNT3448,5031MDM-4,
WDLN1365,5029W,
"YY47913 5869",5000B,
"YY57888 5376",5000B,
